Command: /home/ICer/project/axi4/./simv +UVM_TESTNAME=stress_test +ntb_random_seed_automatic -l sim.log
Chronologic VCS simulator copyright 1991-2018
Contains Synopsys proprietary information.
Compiler version O-2018.09-SP2_Full64; Runtime version O-2018.09-SP2_Full64;  Jun 18 14:43 2026
NOTE: automatic random seed used: 1345177400
UVM_INFO /home/synopsys/vcs/O-2018.09-SP2/etc/uvm-1.2/base/uvm_root.svh(402) @ 0: reporter [UVM/RELNOTES] 
----------------------------------------------------------------
UVM-1.2.Synopsys
(C) 2007-2014 Mentor Graphics Corporation
(C) 2007-2014 Cadence Design Systems, Inc.
(C) 2006-2014 Synopsys, Inc.
(C) 2011-2013 Cypress Semiconductor Corp.
(C) 2013-2014 NVIDIA Corporation
----------------------------------------------------------------

  ***********       IMPORTANT RELEASE NOTES         ************

  You are using a version of the UVM library that has been compiled
  with `UVM_NO_DEPRECATED undefined.
  See http://www.eda.org/svdb/view.php?id=3313 for more details.

  You are using a version of the UVM library that has been compiled
  with `UVM_OBJECT_DO_NOT_NEED_CONSTRUCTOR undefined.
  See http://www.eda.org/svdb/view.php?id=3770 for more details.

      (Specify +UVM_NO_RELNOTES to turn off this notice)

*Verdi* Loading libsscore_vcs201809.so
FSDB Dumper for VCS, Release Verdi_O-2018.09-SP2, Linux x86_64/64bit, 02/21/2019
(C) 1996 - 2019 by Synopsys, Inc.
*Verdi* : Create FSDB file 'tb_top.fsdb'
*Verdi* : Begin traversing the scope (tb_top), layer (0).
*Verdi* : End of traversing.
*Verdi* : Begin traversing the MDAs, layer (0).
*Verdi* : Enable +mda and +packedmda dumping.
*Verdi* : End of traversing the MDAs.
UVM_INFO /home/synopsys/vcs/O-2018.09-SP2/etc/uvm-1.2/base/uvm_root.svh(463) @ 0: reporter [NO_DPI_TSTNAME] UVM_NO_DPI defined--getting UVM_TESTNAME directly, without DPI
UVM_INFO @ 0: reporter [RNTST] Running test stress_test...
UVM_INFO /home/synopsys/vcs/O-2018.09-SP2/etc/uvm-1.2/base/uvm_root.svh(589) @ 0: reporter [UVMTOP] UVM testbench topology:
------------------------------------------------------------------
Name                       Type                        Size  Value
------------------------------------------------------------------
uvm_test_top               stress_test                 -     @343 
  env                      axi_env                     -     @356 
    cov                    axi_cov                     -     @593 
      ar_ap                uvm_analysis_export         -     @671 
      ar_fifo              uvm_tlm_analysis_fifo #(T)  -     @760 
        analysis_export    uvm_analysis_imp            -     @809 
        get_ap             uvm_analysis_port           -     @799 
        get_peek_export    uvm_get_peek_imp            -     @779 
        put_ap             uvm_analysis_port           -     @789 
        put_export         uvm_put_imp                 -     @769 
      aw_ap                uvm_analysis_export         -     @661 
      aw_fifo              uvm_tlm_analysis_fifo #(T)  -     @701 
        analysis_export    uvm_analysis_imp            -     @750 
        get_ap             uvm_analysis_port           -     @740 
        get_peek_export    uvm_get_peek_imp            -     @720 
        put_ap             uvm_analysis_port           -     @730 
        put_export         uvm_put_imp                 -     @710 
      b_ap                 uvm_analysis_export         -     @681 
      b_fifo               uvm_tlm_analysis_fifo #(T)  -     @819 
        analysis_export    uvm_analysis_imp            -     @868 
        get_ap             uvm_analysis_port           -     @858 
        get_peek_export    uvm_get_peek_imp            -     @838 
        put_ap             uvm_analysis_port           -     @848 
        put_export         uvm_put_imp                 -     @828 
      r_ap                 uvm_analysis_export         -     @691 
      r_fifo               uvm_tlm_analysis_fifo #(T)  -     @878 
        analysis_export    uvm_analysis_imp            -     @927 
        get_ap             uvm_analysis_port           -     @917 
        get_peek_export    uvm_get_peek_imp            -     @897 
        put_ap             uvm_analysis_port           -     @907 
        put_export         uvm_put_imp                 -     @887 
    mst_ag0                axi_master_agent            -     @366 
      drv_m0               axi_driver                  -     @1075
        ar_fifo            uvm_tlm_fifo #(T)           -     @1261
          get_ap           uvm_analysis_port           -     @1300
          get_peek_export  uvm_get_peek_imp            -     @1280
          put_ap           uvm_analysis_port           -     @1290
          put_export       uvm_put_imp                 -     @1270
        aw_fifo            uvm_tlm_fifo #(T)           -     @1163
          get_ap           uvm_analysis_port           -     @1202
          get_peek_export  uvm_get_peek_imp            -     @1182
          put_ap           uvm_analysis_port           -     @1192
          put_export       uvm_put_imp                 -     @1172
        rsp_port           uvm_analysis_port           -     @1094
        seq_item_port      uvm_seq_item_pull_port      -     @1084
        w_fifo             uvm_tlm_fifo #(T)           -     @1212
          get_ap           uvm_analysis_port           -     @1251
          get_peek_export  uvm_get_peek_imp            -     @1231
          put_ap           uvm_analysis_port           -     @1241
          put_export       uvm_put_imp                 -     @1221
      mon_m0               axi_monitor                 -     @1104
        ap_ar              uvm_analysis_port           -     @1143
        ap_aw              uvm_analysis_port           -     @1113
        ap_b               uvm_analysis_port           -     @1133
        ap_r               uvm_analysis_port           -     @1153
        ap_w               uvm_analysis_port           -     @1123
      sqr_m0               axi_sequencer               -     @938 
        rsp_export         uvm_analysis_export         -     @947 
        seq_item_export    uvm_seq_item_pull_imp       -     @1065
        arbitration_queue  array                       0     -    
        lock_queue         array                       0     -    
        num_last_reqs      integral                    32    'd1  
        num_last_rsps      integral                    32    'd1  
    mst_ag1                axi_master_agent            -     @384 
      drv_m1               axi_driver                  -     @1453
        ar_fifo            uvm_tlm_fifo #(T)           -     @1639
          get_ap           uvm_analysis_port           -     @1678
          get_peek_export  uvm_get_peek_imp            -     @1658
          put_ap           uvm_analysis_port           -     @1668
          put_export       uvm_put_imp                 -     @1648
        aw_fifo            uvm_tlm_fifo #(T)           -     @1541
          get_ap           uvm_analysis_port           -     @1580
          get_peek_export  uvm_get_peek_imp            -     @1560
          put_ap           uvm_analysis_port           -     @1570
          put_export       uvm_put_imp                 -     @1550
        rsp_port           uvm_analysis_port           -     @1472
        seq_item_port      uvm_seq_item_pull_port      -     @1462
        w_fifo             uvm_tlm_fifo #(T)           -     @1590
          get_ap           uvm_analysis_port           -     @1629
          get_peek_export  uvm_get_peek_imp            -     @1609
          put_ap           uvm_analysis_port           -     @1619
          put_export       uvm_put_imp                 -     @1599
      mon_m1               axi_monitor                 -     @1482
        ap_ar              uvm_analysis_port           -     @1521
        ap_aw              uvm_analysis_port           -     @1491
        ap_b               uvm_analysis_port           -     @1511
        ap_r               uvm_analysis_port           -     @1531
        ap_w               uvm_analysis_port           -     @1501
      sqr_m1               axi_sequencer               -     @1316
        rsp_export         uvm_analysis_export         -     @1325
        seq_item_export    uvm_seq_item_pull_imp       -     @1443
        arbitration_queue  array                       0     -    
        lock_queue         array                       0     -    
        num_last_reqs      integral                    32    'd1  
        num_last_rsps      integral                    32    'd1  
    mst_ag2                axi_master_agent            -     @402 
      drv_m2               axi_driver                  -     @1831
        ar_fifo            uvm_tlm_fifo #(T)           -     @2017
          get_ap           uvm_analysis_port           -     @2056
          get_peek_export  uvm_get_peek_imp            -     @2036
          put_ap           uvm_analysis_port           -     @2046
          put_export       uvm_put_imp                 -     @2026
        aw_fifo            uvm_tlm_fifo #(T)           -     @1919
          get_ap           uvm_analysis_port           -     @1958
          get_peek_export  uvm_get_peek_imp            -     @1938
          put_ap           uvm_analysis_port           -     @1948
          put_export       uvm_put_imp                 -     @1928
        rsp_port           uvm_analysis_port           -     @1850
        seq_item_port      uvm_seq_item_pull_port      -     @1840
        w_fifo             uvm_tlm_fifo #(T)           -     @1968
          get_ap           uvm_analysis_port           -     @2007
          get_peek_export  uvm_get_peek_imp            -     @1987
          put_ap           uvm_analysis_port           -     @1997
          put_export       uvm_put_imp                 -     @1977
      mon_m2               axi_monitor                 -     @1860
        ap_ar              uvm_analysis_port           -     @1899
        ap_aw              uvm_analysis_port           -     @1869
        ap_b               uvm_analysis_port           -     @1889
        ap_r               uvm_analysis_port           -     @1909
        ap_w               uvm_analysis_port           -     @1879
      sqr_m2               axi_sequencer               -     @1694
        rsp_export         uvm_analysis_export         -     @1703
        seq_item_export    uvm_seq_item_pull_imp       -     @1821
        arbitration_queue  array                       0     -    
        lock_queue         array                       0     -    
        num_last_reqs      integral                    32    'd1  
        num_last_rsps      integral                    32    'd1  
    mst_ag3                axi_master_agent            -     @420 
      drv_m3               axi_driver                  -     @2209
        ar_fifo            uvm_tlm_fifo #(T)           -     @2395
          get_ap           uvm_analysis_port           -     @2434
          get_peek_export  uvm_get_peek_imp            -     @2414
          put_ap           uvm_analysis_port           -     @2424
          put_export       uvm_put_imp                 -     @2404
        aw_fifo            uvm_tlm_fifo #(T)           -     @2297
          get_ap           uvm_analysis_port           -     @2336
          get_peek_export  uvm_get_peek_imp            -     @2316
          put_ap           uvm_analysis_port           -     @2326
          put_export       uvm_put_imp                 -     @2306
        rsp_port           uvm_analysis_port           -     @2228
        seq_item_port      uvm_seq_item_pull_port      -     @2218
        w_fifo             uvm_tlm_fifo #(T)           -     @2346
          get_ap           uvm_analysis_port           -     @2385
          get_peek_export  uvm_get_peek_imp            -     @2365
          put_ap           uvm_analysis_port           -     @2375
          put_export       uvm_put_imp                 -     @2355
      mon_m3               axi_monitor                 -     @2238
        ap_ar              uvm_analysis_port           -     @2277
        ap_aw              uvm_analysis_port           -     @2247
        ap_b               uvm_analysis_port           -     @2267
        ap_r               uvm_analysis_port           -     @2287
        ap_w               uvm_analysis_port           -     @2257
      sqr_m3               axi_sequencer               -     @2072
        rsp_export         uvm_analysis_export         -     @2081
        seq_item_export    uvm_seq_item_pull_imp       -     @2199
        arbitration_queue  array                       0     -    
        lock_queue         array                       0     -    
        num_last_reqs      integral                    32    'd1  
        num_last_rsps      integral                    32    'd1  
    proto_chk              axi_protocol_checker        -     @602 
      ar_imp               uvm_analysis_imp_ar         -     @641 
      aw_imp               uvm_analysis_imp_aw         -     @611 
      b_imp                uvm_analysis_imp_b          -     @631 
      r_imp                uvm_analysis_imp_r          -     @651 
      w_imp                uvm_analysis_imp_w          -     @621 
    refm                   reference_model             -     @584 
      ar_ap                uvm_analysis_export         -     @2459
      ar_fifo              uvm_tlm_analysis_fifo #(T)  -     @2538
        analysis_export    uvm_analysis_imp            -     @2587
        get_ap             uvm_analysis_port           -     @2577
        get_peek_export    uvm_get_peek_imp            -     @2557
        put_ap             uvm_analysis_port           -     @2567
        put_export         uvm_put_imp                 -     @2547
      aw_ap                uvm_analysis_export         -     @2449
      aw_fifo              uvm_tlm_analysis_fifo #(T)  -     @2479
        analysis_export    uvm_analysis_imp            -     @2528
        get_ap             uvm_analysis_port           -     @2518
        get_peek_export    uvm_get_peek_imp            -     @2498
        put_ap             uvm_analysis_port           -     @2508
        put_export         uvm_put_imp                 -     @2488
      w_ap                 uvm_analysis_export         -     @2469
      w_fifo               uvm_tlm_analysis_fifo #(T)  -     @2597
        analysis_export    uvm_analysis_imp            -     @2646
        get_ap             uvm_analysis_port           -     @2636
        get_peek_export    uvm_get_peek_imp            -     @2616
        put_ap             uvm_analysis_port           -     @2626
        put_export         uvm_put_imp                 -     @2606
    sb                     axi_scoreboard              -     @575 
      ar_d_fifo            uvm_tlm_analysis_fifo #(T)  -     @3051
        analysis_export    uvm_analysis_imp            -     @3100
        get_ap             uvm_analysis_port           -     @3090
        get_peek_export    uvm_get_peek_imp            -     @3070
        put_ap             uvm_analysis_port           -     @3080
        put_export         uvm_put_imp                 -     @3060
      ar_imp               uvm_analysis_imp_ar         -     @2686
      ar_p_fifo            uvm_tlm_analysis_fifo #(T)  -     @3110
        analysis_export    uvm_analysis_imp            -     @3159
        get_ap             uvm_analysis_port           -     @3149
        get_peek_export    uvm_get_peek_imp            -     @3129
        put_ap             uvm_analysis_port           -     @3139
        put_export         uvm_put_imp                 -     @3119
      ar_r_fifo            uvm_tlm_analysis_fifo #(T)  -     @2992
        analysis_export    uvm_analysis_imp            -     @3041
        get_ap             uvm_analysis_port           -     @3031
        get_peek_export    uvm_get_peek_imp            -     @3011
        put_ap             uvm_analysis_port           -     @3021
        put_export         uvm_put_imp                 -     @3001
      aw_imp               uvm_analysis_imp_aw         -     @2656
      aw_p_fifo            uvm_tlm_analysis_fifo #(T)  -     @2815
        analysis_export    uvm_analysis_imp            -     @2864
        get_ap             uvm_analysis_port           -     @2854
        get_peek_export    uvm_get_peek_imp            -     @2834
        put_ap             uvm_analysis_port           -     @2844
        put_export         uvm_put_imp                 -     @2824
      aw_r_fifo            uvm_tlm_analysis_fifo #(T)  -     @2756
        analysis_export    uvm_analysis_imp            -     @2805
        get_ap             uvm_analysis_port           -     @2795
        get_peek_export    uvm_get_peek_imp            -     @2775
        put_ap             uvm_analysis_port           -     @2785
        put_export         uvm_put_imp                 -     @2765
      b_imp                uvm_analysis_imp_b          -     @2676
      b_p_fifo             uvm_tlm_analysis_fifo #(T)  -     @2933
        analysis_export    uvm_analysis_imp            -     @2982
        get_ap             uvm_analysis_port           -     @2972
        get_peek_export    uvm_get_peek_imp            -     @2952
        put_ap             uvm_analysis_port           -     @2962
        put_export         uvm_put_imp                 -     @2942
      r_d_fifo             uvm_tlm_analysis_fifo #(T)  -     @3169
        analysis_export    uvm_analysis_imp            -     @3218
        get_ap             uvm_analysis_port           -     @3208
        get_peek_export    uvm_get_peek_imp            -     @3188
        put_ap             uvm_analysis_port           -     @3198
        put_export         uvm_put_imp                 -     @3178
      r_imp                uvm_analysis_imp_r          -     @2696
      r_p_fifo             uvm_tlm_analysis_fifo #(T)  -     @3228
        analysis_export    uvm_analysis_imp            -     @3277
        get_ap             uvm_analysis_port           -     @3267
        get_peek_export    uvm_get_peek_imp            -     @3247
        put_ap             uvm_analysis_port           -     @3257
        put_export         uvm_put_imp                 -     @3237
      slv_ar_fifo          uvm_tlm_analysis_fifo #(T)  -     @3346
        analysis_export    uvm_analysis_imp            -     @3395
        get_ap             uvm_analysis_port           -     @3385
        get_peek_export    uvm_get_peek_imp            -     @3365
        put_ap             uvm_analysis_port           -     @3375
        put_export         uvm_put_imp                 -     @3355
      slv_ar_imp           uvm_analysis_imp_slv_ar     -     @2716
      slv_aw_fifo          uvm_tlm_analysis_fifo #(T)  -     @3287
        analysis_export    uvm_analysis_imp            -     @3336
        get_ap             uvm_analysis_port           -     @3326
        get_peek_export    uvm_get_peek_imp            -     @3306
        put_ap             uvm_analysis_port           -     @3316
        put_export         uvm_put_imp                 -     @3296
      slv_aw_imp           uvm_analysis_imp_slv_aw     -     @2706
      slv_b_fifo           uvm_tlm_analysis_fifo #(T)  -     @3464
        analysis_export    uvm_analysis_imp            -     @3513
        get_ap             uvm_analysis_port           -     @3503
        get_peek_export    uvm_get_peek_imp            -     @3483
        put_ap             uvm_analysis_port           -     @3493
        put_export         uvm_put_imp                 -     @3473
      slv_b_imp            uvm_analysis_imp_slv_b      -     @2736
      slv_r_fifo           uvm_tlm_analysis_fifo #(T)  -     @3523
        analysis_export    uvm_analysis_imp            -     @3572
        get_ap             uvm_analysis_port           -     @3562
        get_peek_export    uvm_get_peek_imp            -     @3542
        put_ap             uvm_analysis_port           -     @3552
        put_export         uvm_put_imp                 -     @3532
      slv_r_imp            uvm_analysis_imp_slv_r      -     @2746
      slv_w_fifo           uvm_tlm_analysis_fifo #(T)  -     @3405
        analysis_export    uvm_analysis_imp            -     @3454
        get_ap             uvm_analysis_port           -     @3444
        get_peek_export    uvm_get_peek_imp            -     @3424
        put_ap             uvm_analysis_port           -     @3434
        put_export         uvm_put_imp                 -     @3414
      slv_w_imp            uvm_analysis_imp_slv_w      -     @2726
      w_imp                uvm_analysis_imp_w          -     @2666
      w_p_fifo             uvm_tlm_analysis_fifo #(T)  -     @2874
        analysis_export    uvm_analysis_imp            -     @2923
        get_ap             uvm_analysis_port           -     @2913
        get_peek_export    uvm_get_peek_imp            -     @2893
        put_ap             uvm_analysis_port           -     @2903
        put_export         uvm_put_imp                 -     @2883
    slv_ag0                axi_slave_agent             -     @375 
      mon_s0               axi_monitor                 -     @3583
        ap_ar              uvm_analysis_port           -     @3622
        ap_aw              uvm_analysis_port           -     @3592
        ap_b               uvm_analysis_port           -     @3612
        ap_r               uvm_analysis_port           -     @3632
        ap_w               uvm_analysis_port           -     @3602
    slv_ag1                axi_slave_agent             -     @393 
      mon_s1               axi_monitor                 -     @3643
        ap_ar              uvm_analysis_port           -     @3682
        ap_aw              uvm_analysis_port           -     @3652
        ap_b               uvm_analysis_port           -     @3672
        ap_r               uvm_analysis_port           -     @3692
        ap_w               uvm_analysis_port           -     @3662
    slv_ag2                axi_slave_agent             -     @411 
      mon_s2               axi_monitor                 -     @3703
        ap_ar              uvm_analysis_port           -     @3742
        ap_aw              uvm_analysis_port           -     @3712
        ap_b               uvm_analysis_port           -     @3732
        ap_r               uvm_analysis_port           -     @3752
        ap_w               uvm_analysis_port           -     @3722
    slv_ag3                axi_slave_agent             -     @429 
      mon_s3               axi_monitor                 -     @3763
        ap_ar              uvm_analysis_port           -     @3802
        ap_aw              uvm_analysis_port           -     @3772
        ap_b               uvm_analysis_port           -     @3792
        ap_r               uvm_analysis_port           -     @3812
        ap_w               uvm_analysis_port           -     @3782
    vsqr                   axi_virtual_sequencer       -     @438 
      rsp_export           uvm_analysis_export         -     @447 
      seq_item_export      uvm_seq_item_pull_imp       -     @565 
      arbitration_queue    array                       0     -    
      lock_queue           array                       0     -    
      num_last_reqs        integral                    32    'd1  
      num_last_rsps        integral                    32    'd1  
------------------------------------------------------------------

UVM_INFO /home/synopsys/vcs/O-2018.09-SP2/etc/uvm-1.2/base/uvm_traversal.svh(279) @ 0: reporter [UVM/COMP/NAMECHECK] This implementation of the component name checks requires DPI to be enabled
[TRACE_XBAR_B] 105000 M side m=0 m_bvalid=0 m_bready=1
[TRACE_XBAR_B] 115000 M side m=0 m_bvalid=0 m_bready=1
[TRACE_XBAR_B] 125000 M side m=0 m_bvalid=0 m_bready=1
[TRACE_XBAR_B] 135000 M side m=0 m_bvalid=0 m_bready=1
[TRACE_XBAR_B] 145000 M side m=0 m_bvalid=0 m_bready=1
[TRACE_XBAR_B] 155000 M side m=0 m_bvalid=0 m_bready=1
[TRACE_XBAR_B] 165000 M side m=0 m_bvalid=0 m_bready=1
[TRACE_XBAR_B] 175000 M side m=0 m_bvalid=0 m_bready=1
[TRACE_XBAR_B] 185000 M side m=0 m_bvalid=0 m_bready=1
[TRACE_XBAR_B] 195000 M side m=0 m_bvalid=0 m_bready=1
UVM_INFO ./uvm/axi_driver.sv(220) @ 195000: uvm_test_top.env.mst_ag0.drv_m0 [TRACE] M[0] DRV AR start addr=0x00003b98 len=0 id=15
[TRACE_XBAR_B] 205000 M side m=0 m_bvalid=0 m_bready=1
[TRACE_XBAR_B] 215000 M side m=0 m_bvalid=0 m_bready=1
[TRACE] 215000 AR pre-FIFO vld m=0 vld=1 rdy=1
[TRACE] 215000 AR pre-FIFO out m=0 addr=0x00003b98
[TRACE] 215000 AR pre-FIFO m=0 addr=0x00003b98 len=0
UVM_INFO ./uvm/axi_slave_agent.sv(171) @ 225000: uvm_test_top.env.slv_ag1 [TRACE] S[1] SLV AR handshake id=15 addr=0x00003b98 len=0
[TRACE_XBAR_B] 225000 M side m=0 m_bvalid=0 m_bready=1
[TRACE] 225000 AR at slave s=1 addr=0x00003b98
[TRACE] 225000 AR pre-FIFO vld m=0 vld=0 rdy=0
[TRACE] 225000 AR at slave s=1 addr=0x00003b98 len=0
UVM_INFO ./uvm/axi_slave_agent.sv(204) @ 225000: uvm_test_top.env.slv_ag1 [TRACE] S[1] SLV R MISS at addr=0x00003b98
[TRACE_XBAR_B] 235000 M side m=0 m_bvalid=0 m_bready=1
[TRACE] 235000 R  from slave s=1
[TRACE_XBAR_B] 245000 M side m=0 m_bvalid=0 m_bready=1
[TRACE] 245000 R  to master m=0
[TRACE_XBAR_B] 255000 M side m=0 m_bvalid=0 m_bready=1
UVM_INFO ./uvm/axi_driver.sv(126) @ 255000: uvm_test_top.env.mst_ag0.drv_m0 [TRACE] M[0] DRV AW start addr=0x00005f7c id=5
[TRACE_XBAR_B] 265000 M side m=0 m_bvalid=0 m_bready=1
[TRACE_W_FIFO] 265000 W_FIFO_WR m=0 last=0 data=0x51163b7d
[TRACE_XBAR_B] 275000 M side m=0 m_bvalid=0 m_bready=1
[TRACE] 275000 AW pre-FIFO m=0 addr=0x00005f7c len=5
[TRACE_W] 275000 W pre-FIFO HS m=0 last=0 data=0x51163b7d strb=0xf
[TRACE_W_FIFO] 275000 W_FIFO_WR m=0 last=0 data=0xb0cc6c78
[TRACE_W_FIFO] 275000 W_FIFO_RD m=0 last=0 data=0x51163b7d
[TRACE_W_XBAR] 275000 W_XBAR_M m=0 last=0 data=0x00000001
UVM_INFO ./uvm/axi_slave_agent.sv(84) @ 285000: uvm_test_top.env.slv_ag2 [TRACE] S[2] SLV AW handshake id=5 addr=0x00005f7c len=5
[TRACE_XBAR_B] 285000 M side m=0 m_bvalid=0 m_bready=1
[TRACE_W] 285000 W pre-FIFO HS m=0 last=0 data=0xb0cc6c78 strb=0xf
[TRACE] 285000 AW at slave s=2 addr=0x00005f7c len=5
[TRACE_W_FIFO] 285000 W_FIFO_WR m=0 last=0 data=0x792b13d6
[TRACE_W_FIFO] 285000 W_FIFO_RD m=0 last=0 data=0xb0cc6c78
[TRACE_W_XBAR] 285000 W_XBAR_M m=0 last=0 data=0x00000000
[TRACE_W_XBAR] 285000 W_XBAR_S s=2 last=0 data=0x00000000
UVM_INFO ./uvm/axi_slave_agent.sv(112) @ 295000: uvm_test_top.env.slv_ag2 [TRACE] S[2] SLV W beat 0 data=0x51163b7d last=0
[TRACE_XBAR_B] 295000 M side m=0 m_bvalid=0 m_bready=1
[TRACE_W] 295000 W pre-FIFO HS m=0 last=0 data=0x792b13d6 strb=0xf
[TRACE_W] 295000 W slave HS s=2 last=0 data=0x51163b7d
[TRACE_W_FIFO] 295000 W_FIFO_WR m=0 last=0 data=0x6ced6d7d
[TRACE_W_FIFO] 295000 W_FIFO_RD m=0 last=0 data=0x792b13d6
[TRACE_W_XBAR] 295000 W_XBAR_M m=0 last=0 data=0x00000000
[TRACE_W_XBAR] 295000 W_XBAR_S s=2 last=0 data=0x00000000
UVM_INFO ./uvm/axi_slave_agent.sv(112) @ 305000: uvm_test_top.env.slv_ag2 [TRACE] S[2] SLV W beat 1 data=0xb0cc6c78 last=0
[TRACE_XBAR_B] 305000 M side m=0 m_bvalid=0 m_bready=1
[TRACE_W] 305000 W pre-FIFO HS m=0 last=0 data=0x6ced6d7d strb=0xf
[TRACE_W] 305000 W slave HS s=2 last=0 data=0xb0cc6c78
[TRACE_W_FIFO] 305000 W_FIFO_WR m=0 last=0 data=0xb0306c9a
[TRACE_W_FIFO] 305000 W_FIFO_RD m=0 last=0 data=0x6ced6d7d
[TRACE_W_XBAR] 305000 W_XBAR_M m=0 last=0 data=0x00000001
[TRACE_W_XBAR] 305000 W_XBAR_S s=2 last=0 data=0x00000000
UVM_INFO ./uvm/axi_slave_agent.sv(112) @ 315000: uvm_test_top.env.slv_ag2 [TRACE] S[2] SLV W beat 2 data=0x792b13d6 last=0
[TRACE_XBAR_B] 315000 M side m=0 m_bvalid=0 m_bready=1
[TRACE_W] 315000 W pre-FIFO HS m=0 last=0 data=0xb0306c9a strb=0xf
[TRACE_W] 315000 W slave HS s=2 last=0 data=0x792b13d6
[TRACE_W_FIFO] 315000 W_FIFO_WR m=0 last=1 data=0x9c5e2173
[TRACE_W_FIFO] 315000 W_FIFO_RD m=0 last=0 data=0xb0306c9a
[TRACE_W_XBAR] 315000 W_XBAR_M m=0 last=0 data=0x00000000
[TRACE_W_XBAR] 315000 W_XBAR_S s=2 last=0 data=0x00000000
UVM_INFO ./uvm/axi_slave_agent.sv(112) @ 325000: uvm_test_top.env.slv_ag2 [TRACE] S[2] SLV W beat 3 data=0x6ced6d7d last=0
[TRACE_XBAR_B] 325000 M side m=0 m_bvalid=0 m_bready=1
[TRACE_W] 325000 W pre-FIFO HS m=0 last=1 data=0x9c5e2173 strb=0xf
[TRACE_W] 325000 W slave HS s=2 last=0 data=0x6ced6d7d
[TRACE_W_FIFO] 325000 W_FIFO_RD m=0 last=1 data=0x9c5e2173
[TRACE_W_XBAR] 325000 W_XBAR_M m=0 last=1 data=0x00000001
[TRACE_W_XBAR] 325000 W_XBAR_S s=2 last=0 data=0x00000000
UVM_INFO ./uvm/axi_slave_agent.sv(112) @ 335000: uvm_test_top.env.slv_ag2 [TRACE] S[2] SLV W beat 4 data=0xb0306c9a last=0
[TRACE_XBAR_B] 335000 M side m=0 m_bvalid=0 m_bready=1
[TRACE_W] 335000 W slave HS s=2 last=0 data=0xb0306c9a
[TRACE_W_XBAR] 335000 W_XBAR_S s=2 last=1 data=0x00000000
UVM_INFO ./uvm/axi_slave_agent.sv(112) @ 345000: uvm_test_top.env.slv_ag2 [TRACE] S[2] SLV W beat 5 data=0x9c5e2173 last=1
[TRACE_XBAR_B] 345000 M side m=0 m_bvalid=0 m_bready=1
[TRACE_W] 345000 W slave HS s=2 last=1 data=0x9c5e2173
[TRACE_XBAR_B] 355000 M side m=0 m_bvalid=0 m_bready=1
[TRACE] 355000 B  from slave s=2
[TRACE_XBAR_B] 365000 M side m=0 m_bvalid=1 m_bready=1
[TRACE] 365000 B post-FIFO out m=0 id=0x05
[TRACE] 365000 B  to master m=0
[375000] M[0] DRV B Handshake! BID=5 b_pending_size=1
UVM_INFO ./uvm/axi_driver.sv(190) @ 375000: uvm_test_top.env.mst_ag0.drv_m0 [TRACE] M[0] DRV B resp=0 id=5
[TRACE] 375000 B merge in m=0 id=0x05 resp=00
[TRACE] 375000 B merge out m=0 id=0x05 resp=00
[TRACE_XBAR_B] 375000 M side m=0 m_bvalid=0 m_bready=1
UVM_INFO ./uvm/axi_driver.sv(220) @ 375000: uvm_test_top.env.mst_ag0.drv_m0 [TRACE] M[0] DRV AR start addr=0x000027d4 len=1 id=8
[TRACE_XBAR_B] 385000 M side m=0 m_bvalid=0 m_bready=1
[TRACE_XBAR_B] 395000 M side m=0 m_bvalid=0 m_bready=1
[TRACE] 395000 AR pre-FIFO vld m=0 vld=1 rdy=1
[TRACE] 395000 AR pre-FIFO out m=0 addr=0x000027d4
[TRACE] 395000 AR pre-FIFO m=0 addr=0x000027d4 len=1
UVM_INFO ./uvm/axi_slave_agent.sv(171) @ 405000: uvm_test_top.env.slv_ag1 [TRACE] S[1] SLV AR handshake id=8 addr=0x000027d4 len=1
[TRACE_XBAR_B] 405000 M side m=0 m_bvalid=0 m_bready=1
[TRACE] 405000 AR at slave s=1 addr=0x000027d4
[TRACE] 405000 AR pre-FIFO vld m=0 vld=0 rdy=0
[TRACE] 405000 AR at slave s=1 addr=0x000027d4 len=1
UVM_INFO ./uvm/axi_slave_agent.sv(204) @ 405000: uvm_test_top.env.slv_ag1 [TRACE] S[1] SLV R MISS at addr=0x000027d4
UVM_INFO ./uvm/axi_slave_agent.sv(204) @ 415000: uvm_test_top.env.slv_ag1 [TRACE] S[1] SLV R MISS at addr=0x000027d8
[TRACE_XBAR_B] 415000 M side m=0 m_bvalid=0 m_bready=1
[TRACE] 415000 R  from slave s=1
[TRACE_XBAR_B] 425000 M side m=0 m_bvalid=0 m_bready=1
[TRACE] 425000 R  to master m=0
[TRACE] 425000 R  from slave s=1
[TRACE_XBAR_B] 435000 M side m=0 m_bvalid=0 m_bready=1
[TRACE] 435000 R  to master m=0
[TRACE_XBAR_B] 445000 M side m=0 m_bvalid=0 m_bready=1
UVM_INFO ./uvm/axi_driver.sv(126) @ 445000: uvm_test_top.env.mst_ag0.drv_m0 [TRACE] M[0] DRV AW start addr=0x00006af0 id=0
[TRACE_XBAR_B] 455000 M side m=0 m_bvalid=0 m_bready=1
[TRACE_W_FIFO] 455000 W_FIFO_WR m=0 last=0 data=0x1cb666f3
[TRACE_XBAR_B] 465000 M side m=0 m_bvalid=0 m_bready=1
[TRACE] 465000 AW pre-FIFO m=0 addr=0x00006af0 len=9
[TRACE_W] 465000 W pre-FIFO HS m=0 last=0 data=0x1cb666f3 strb=0xf
[TRACE_W_FIFO] 465000 W_FIFO_WR m=0 last=0 data=0xe6e585d9
[TRACE_W_FIFO] 465000 W_FIFO_RD m=0 last=0 data=0x1cb666f3
[TRACE_W_XBAR] 465000 W_XBAR_M m=0 last=0 data=0x00000001
UVM_INFO ./uvm/axi_slave_agent.sv(84) @ 475000: uvm_test_top.env.slv_ag3 [TRACE] S[3] SLV AW handshake id=0 addr=0x00006af0 len=9
[TRACE_XBAR_B] 475000 M side m=0 m_bvalid=0 m_bready=1
[TRACE_W] 475000 W pre-FIFO HS m=0 last=0 data=0xe6e585d9 strb=0xf
[TRACE] 475000 AW at slave s=3 addr=0x00006af0 len=9
[TRACE_W_FIFO] 475000 W_FIFO_WR m=0 last=0 data=0xb6a45bf4
[TRACE_W_FIFO] 475000 W_FIFO_RD m=0 last=0 data=0xe6e585d9
[TRACE_W_XBAR] 475000 W_XBAR_M m=0 last=0 data=0x00000001
[TRACE_W_XBAR] 475000 W_XBAR_S s=3 last=0 data=0x00000000
UVM_INFO ./uvm/axi_slave_agent.sv(112) @ 485000: uvm_test_top.env.slv_ag3 [TRACE] S[3] SLV W beat 0 data=0x1cb666f3 last=0
[TRACE_XBAR_B] 485000 M side m=0 m_bvalid=0 m_bready=1
[TRACE_W] 485000 W pre-FIFO HS m=0 last=0 data=0xb6a45bf4 strb=0xf
[TRACE_W] 485000 W slave HS s=3 last=0 data=0x1cb666f3
[TRACE_W_FIFO] 485000 W_FIFO_WR m=0 last=0 data=0x7559a2ad
[TRACE_W_FIFO] 485000 W_FIFO_RD m=0 last=0 data=0xb6a45bf4
[TRACE_W_XBAR] 485000 W_XBAR_M m=0 last=0 data=0x00000000
[TRACE_W_XBAR] 485000 W_XBAR_S s=3 last=0 data=0x00000000
UVM_INFO ./uvm/axi_slave_agent.sv(112) @ 495000: uvm_test_top.env.slv_ag3 [TRACE] S[3] SLV W beat 1 data=0xe6e585d9 last=0
[TRACE_XBAR_B] 495000 M side m=0 m_bvalid=0 m_bready=1
[TRACE_W] 495000 W pre-FIFO HS m=0 last=0 data=0x7559a2ad strb=0xf
[TRACE_W] 495000 W slave HS s=3 last=0 data=0xe6e585d9
[TRACE_W_FIFO] 495000 W_FIFO_WR m=0 last=0 data=0xa400c2da
[TRACE_W_FIFO] 495000 W_FIFO_RD m=0 last=0 data=0x7559a2ad
[TRACE_W_XBAR] 495000 W_XBAR_M m=0 last=0 data=0x00000001
[TRACE_W_XBAR] 495000 W_XBAR_S s=3 last=0 data=0x00000000
UVM_INFO ./uvm/axi_slave_agent.sv(112) @ 505000: uvm_test_top.env.slv_ag3 [TRACE] S[3] SLV W beat 2 data=0xb6a45bf4 last=0
[TRACE_XBAR_B] 505000 M side m=0 m_bvalid=0 m_bready=1
[TRACE_W] 505000 W pre-FIFO HS m=0 last=0 data=0xa400c2da strb=0xf
[TRACE_W] 505000 W slave HS s=3 last=0 data=0xb6a45bf4
[TRACE_W_FIFO] 505000 W_FIFO_WR m=0 last=0 data=0xc51aa3be
[TRACE_W_FIFO] 505000 W_FIFO_RD m=0 last=0 data=0xa400c2da
[TRACE_W_XBAR] 505000 W_XBAR_M m=0 last=0 data=0x00000000
[TRACE_W_XBAR] 505000 W_XBAR_S s=3 last=0 data=0x00000000
UVM_INFO ./uvm/axi_slave_agent.sv(112) @ 515000: uvm_test_top.env.slv_ag3 [TRACE] S[3] SLV W beat 3 data=0x7559a2ad last=0
[TRACE_XBAR_B] 515000 M side m=0 m_bvalid=0 m_bready=1
[TRACE_W] 515000 W pre-FIFO HS m=0 last=0 data=0xc51aa3be strb=0xf
[TRACE_W] 515000 W slave HS s=3 last=0 data=0x7559a2ad
[TRACE_W_FIFO] 515000 W_FIFO_WR m=0 last=0 data=0xa145a703
[TRACE_W_FIFO] 515000 W_FIFO_RD m=0 last=0 data=0xc51aa3be
[TRACE_W_XBAR] 515000 W_XBAR_M m=0 last=0 data=0x00000000
[TRACE_W_XBAR] 515000 W_XBAR_S s=3 last=0 data=0x00000000
UVM_INFO ./uvm/axi_slave_agent.sv(112) @ 525000: uvm_test_top.env.slv_ag3 [TRACE] S[3] SLV W beat 4 data=0xa400c2da last=0
[TRACE_XBAR_B] 525000 M side m=0 m_bvalid=0 m_bready=1
[TRACE_W] 525000 W pre-FIFO HS m=0 last=0 data=0xa145a703 strb=0xf
[TRACE_W] 525000 W slave HS s=3 last=0 data=0xa400c2da
[TRACE_W_FIFO] 525000 W_FIFO_WR m=0 last=0 data=0x249f98bd
[TRACE_W_FIFO] 525000 W_FIFO_RD m=0 last=0 data=0xa145a703
[TRACE_W_XBAR] 525000 W_XBAR_M m=0 last=0 data=0x00000001
[TRACE_W_XBAR] 525000 W_XBAR_S s=3 last=0 data=0x00000000
UVM_INFO ./uvm/axi_slave_agent.sv(112) @ 535000: uvm_test_top.env.slv_ag3 [TRACE] S[3] SLV W beat 5 data=0xc51aa3be last=0
[TRACE_XBAR_B] 535000 M side m=0 m_bvalid=0 m_bready=1
[TRACE_W] 535000 W pre-FIFO HS m=0 last=0 data=0x249f98bd strb=0xf
[TRACE_W] 535000 W slave HS s=3 last=0 data=0xc51aa3be
[TRACE_W_FIFO] 535000 W_FIFO_WR m=0 last=0 data=0x09018eb2
[TRACE_W_FIFO] 535000 W_FIFO_RD m=0 last=0 data=0x249f98bd
[TRACE_W_XBAR] 535000 W_XBAR_M m=0 last=0 data=0x00000001
[TRACE_W_XBAR] 535000 W_XBAR_S s=3 last=0 data=0x00000000
UVM_INFO ./uvm/axi_slave_agent.sv(112) @ 545000: uvm_test_top.env.slv_ag3 [TRACE] S[3] SLV W beat 6 data=0xa145a703 last=0
[TRACE_XBAR_B] 545000 M side m=0 m_bvalid=0 m_bready=1
[TRACE_W] 545000 W pre-FIFO HS m=0 last=0 data=0x09018eb2 strb=0xf
[TRACE_W] 545000 W slave HS s=3 last=0 data=0xa145a703
[TRACE_W_FIFO] 545000 W_FIFO_WR m=0 last=1 data=0x4493a17d
[TRACE_W_FIFO] 545000 W_FIFO_RD m=0 last=0 data=0x09018eb2
[TRACE_W_XBAR] 545000 W_XBAR_M m=0 last=0 data=0x00000000
[TRACE_W_XBAR] 545000 W_XBAR_S s=3 last=0 data=0x00000000
UVM_INFO ./uvm/axi_slave_agent.sv(112) @ 555000: uvm_test_top.env.slv_ag3 [TRACE] S[3] SLV W beat 7 data=0x249f98bd last=0
[TRACE_XBAR_B] 555000 M side m=0 m_bvalid=0 m_bready=1
[TRACE_W] 555000 W pre-FIFO HS m=0 last=1 data=0x4493a17d strb=0xf
[TRACE_W] 555000 W slave HS s=3 last=0 data=0x249f98bd
[TRACE_W_FIFO] 555000 W_FIFO_RD m=0 last=1 data=0x4493a17d
[TRACE_W_XBAR] 555000 W_XBAR_M m=0 last=1 data=0x00000001
[TRACE_W_XBAR] 555000 W_XBAR_S s=3 last=0 data=0x00000000
UVM_INFO ./uvm/axi_slave_agent.sv(112) @ 565000: uvm_test_top.env.slv_ag3 [TRACE] S[3] SLV W beat 8 data=0x09018eb2 last=0
[TRACE_XBAR_B] 565000 M side m=0 m_bvalid=0 m_bready=1
[TRACE_W] 565000 W slave HS s=3 last=0 data=0x09018eb2
[TRACE_W_XBAR] 565000 W_XBAR_S s=3 last=1 data=0x00000000
UVM_INFO ./uvm/axi_slave_agent.sv(112) @ 575000: uvm_test_top.env.slv_ag3 [TRACE] S[3] SLV W beat 9 data=0x4493a17d last=1
[TRACE_XBAR_B] 575000 M side m=0 m_bvalid=0 m_bready=1
[TRACE_W] 575000 W slave HS s=3 last=1 data=0x4493a17d
[TRACE_XBAR_B] 585000 M side m=0 m_bvalid=0 m_bready=1
[TRACE] 585000 B  from slave s=3
[TRACE_XBAR_B] 595000 M side m=0 m_bvalid=1 m_bready=1
[TRACE] 595000 B post-FIFO out m=0 id=0x00
[TRACE] 595000 B  to master m=0
[605000] M[0] DRV B Handshake! BID=0 b_pending_size=1
UVM_INFO ./uvm/axi_driver.sv(190) @ 605000: uvm_test_top.env.mst_ag0.drv_m0 [TRACE] M[0] DRV B resp=0 id=0
[TRACE] 605000 B merge in m=0 id=0x00 resp=00
[TRACE] 605000 B merge out m=0 id=0x00 resp=00
[TRACE_XBAR_B] 605000 M side m=0 m_bvalid=0 m_bready=1
UVM_INFO ./uvm/axi_driver.sv(220) @ 605000: uvm_test_top.env.mst_ag0.drv_m0 [TRACE] M[0] DRV AR start addr=0x00004590 len=1 id=8
[TRACE_XBAR_B] 615000 M side m=0 m_bvalid=0 m_bready=1
[TRACE_XBAR_B] 625000 M side m=0 m_bvalid=0 m_bready=1
[TRACE] 625000 AR pre-FIFO vld m=0 vld=1 rdy=1
[TRACE] 625000 AR pre-FIFO out m=0 addr=0x00004590
[TRACE] 625000 AR pre-FIFO m=0 addr=0x00004590 len=1
UVM_INFO ./uvm/axi_slave_agent.sv(171) @ 635000: uvm_test_top.env.slv_ag2 [TRACE] S[2] SLV AR handshake id=8 addr=0x00004590 len=1
[TRACE_XBAR_B] 635000 M side m=0 m_bvalid=0 m_bready=1
[TRACE] 635000 AR at slave s=2 addr=0x00004590
[TRACE] 635000 AR pre-FIFO vld m=0 vld=0 rdy=0
[TRACE] 635000 AR at slave s=2 addr=0x00004590 len=1
UVM_INFO ./uvm/axi_slave_agent.sv(204) @ 635000: uvm_test_top.env.slv_ag2 [TRACE] S[2] SLV R MISS at addr=0x00004590
UVM_INFO ./uvm/axi_slave_agent.sv(204) @ 645000: uvm_test_top.env.slv_ag2 [TRACE] S[2] SLV R MISS at addr=0x00004594
[TRACE_XBAR_B] 645000 M side m=0 m_bvalid=0 m_bready=1
[TRACE] 645000 R  from slave s=2
[TRACE_XBAR_B] 655000 M side m=0 m_bvalid=0 m_bready=1
[TRACE] 655000 R  to master m=0
[TRACE] 655000 R  from slave s=2
[TRACE_XBAR_B] 665000 M side m=0 m_bvalid=0 m_bready=1
[TRACE] 665000 R  to master m=0
[TRACE_XBAR_B] 675000 M side m=0 m_bvalid=0 m_bready=1
UVM_INFO ./uvm/axi_driver.sv(126) @ 675000: uvm_test_top.env.mst_ag0.drv_m0 [TRACE] M[0] DRV AW start addr=0x0000305c id=9
[TRACE_XBAR_B] 685000 M side m=0 m_bvalid=0 m_bready=1
[TRACE_W_FIFO] 685000 W_FIFO_WR m=0 last=0 data=0x06f31863
[TRACE_XBAR_B] 695000 M side m=0 m_bvalid=0 m_bready=1
[TRACE] 695000 AW pre-FIFO m=0 addr=0x0000305c len=10
[TRACE_W] 695000 W pre-FIFO HS m=0 last=0 data=0x06f31863 strb=0xf
[TRACE_W_FIFO] 695000 W_FIFO_WR m=0 last=0 data=0x82f9e21d
[TRACE_W_FIFO] 695000 W_FIFO_RD m=0 last=0 data=0x06f31863
[TRACE_W_XBAR] 695000 W_XBAR_M m=0 last=0 data=0x00000001
UVM_INFO ./uvm/axi_slave_agent.sv(84) @ 705000: uvm_test_top.env.slv_ag1 [TRACE] S[1] SLV AW handshake id=9 addr=0x0000305c len=10
[TRACE_XBAR_B] 705000 M side m=0 m_bvalid=0 m_bready=1
[TRACE_W] 705000 W pre-FIFO HS m=0 last=0 data=0x82f9e21d strb=0xf
[TRACE] 705000 AW at slave s=1 addr=0x0000305c len=10
[TRACE_W_FIFO] 705000 W_FIFO_WR m=0 last=0 data=0x3f50e7bc
[TRACE_W_FIFO] 705000 W_FIFO_RD m=0 last=0 data=0x82f9e21d
[TRACE_W_XBAR] 705000 W_XBAR_M m=0 last=0 data=0x00000001
[TRACE_W_XBAR] 705000 W_XBAR_S s=1 last=0 data=0x00000000
UVM_INFO ./uvm/axi_slave_agent.sv(112) @ 715000: uvm_test_top.env.slv_ag1 [TRACE] S[1] SLV W beat 0 data=0x06f31863 last=0
[TRACE_XBAR_B] 715000 M side m=0 m_bvalid=0 m_bready=1
[TRACE_W] 715000 W pre-FIFO HS m=0 last=0 data=0x3f50e7bc strb=0xf
[TRACE_W] 715000 W slave HS s=1 last=0 data=0x06f31863
[TRACE_W_FIFO] 715000 W_FIFO_WR m=0 last=0 data=0xbd2cfb40
[TRACE_W_FIFO] 715000 W_FIFO_RD m=0 last=0 data=0x3f50e7bc
[TRACE_W_XBAR] 715000 W_XBAR_M m=0 last=0 data=0x00000000
[TRACE_W_XBAR] 715000 W_XBAR_S s=1 last=0 data=0x00000000
UVM_INFO ./uvm/axi_slave_agent.sv(112) @ 725000: uvm_test_top.env.slv_ag1 [TRACE] S[1] SLV W beat 1 data=0x82f9e21d last=0
[TRACE_XBAR_B] 725000 M side m=0 m_bvalid=0 m_bready=1
[TRACE_W] 725000 W pre-FIFO HS m=0 last=0 data=0xbd2cfb40 strb=0xf
[TRACE_W] 725000 W slave HS s=1 last=0 data=0x82f9e21d
[TRACE_W_FIFO] 725000 W_FIFO_WR m=0 last=0 data=0x4177aee6
[TRACE_W_FIFO] 725000 W_FIFO_RD m=0 last=0 data=0xbd2cfb40
[TRACE_W_XBAR] 725000 W_XBAR_M m=0 last=0 data=0x00000000
[TRACE_W_XBAR] 725000 W_XBAR_S s=1 last=0 data=0x00000000
UVM_INFO ./uvm/axi_slave_agent.sv(112) @ 735000: uvm_test_top.env.slv_ag1 [TRACE] S[1] SLV W beat 2 data=0x3f50e7bc last=0
[TRACE_XBAR_B] 735000 M side m=0 m_bvalid=0 m_bready=1
[TRACE_W] 735000 W pre-FIFO HS m=0 last=0 data=0x4177aee6 strb=0xf
[TRACE_W] 735000 W slave HS s=1 last=0 data=0x3f50e7bc
[TRACE_W_FIFO] 735000 W_FIFO_WR m=0 last=0 data=0x0f78252c
[TRACE_W_FIFO] 735000 W_FIFO_RD m=0 last=0 data=0x4177aee6
[TRACE_W_XBAR] 735000 W_XBAR_M m=0 last=0 data=0x00000000
[TRACE_W_XBAR] 735000 W_XBAR_S s=1 last=0 data=0x00000000
UVM_INFO ./uvm/axi_slave_agent.sv(112) @ 745000: uvm_test_top.env.slv_ag1 [TRACE] S[1] SLV W beat 3 data=0xbd2cfb40 last=0
[TRACE_XBAR_B] 745000 M side m=0 m_bvalid=0 m_bready=1
[TRACE_W] 745000 W pre-FIFO HS m=0 last=0 data=0x0f78252c strb=0xf
[TRACE_W] 745000 W slave HS s=1 last=0 data=0xbd2cfb40
[TRACE_W_FIFO] 745000 W_FIFO_WR m=0 last=0 data=0x569cae34
[TRACE_W_FIFO] 745000 W_FIFO_RD m=0 last=0 data=0x0f78252c
[TRACE_W_XBAR] 745000 W_XBAR_M m=0 last=0 data=0x00000000
[TRACE_W_XBAR] 745000 W_XBAR_S s=1 last=0 data=0x00000000
UVM_INFO ./uvm/axi_slave_agent.sv(112) @ 755000: uvm_test_top.env.slv_ag1 [TRACE] S[1] SLV W beat 4 data=0x4177aee6 last=0
[TRACE_XBAR_B] 755000 M side m=0 m_bvalid=0 m_bready=1
[TRACE_W] 755000 W pre-FIFO HS m=0 last=0 data=0x569cae34 strb=0xf
[TRACE_W] 755000 W slave HS s=1 last=0 data=0x4177aee6
[TRACE_W_FIFO] 755000 W_FIFO_WR m=0 last=0 data=0xb4b94f98
[TRACE_W_FIFO] 755000 W_FIFO_RD m=0 last=0 data=0x569cae34
[TRACE_W_XBAR] 755000 W_XBAR_M m=0 last=0 data=0x00000000
[TRACE_W_XBAR] 755000 W_XBAR_S s=1 last=0 data=0x00000000
UVM_INFO ./uvm/axi_slave_agent.sv(112) @ 765000: uvm_test_top.env.slv_ag1 [TRACE] S[1] SLV W beat 5 data=0x0f78252c last=0
[TRACE_XBAR_B] 765000 M side m=0 m_bvalid=0 m_bready=1
[TRACE_W] 765000 W pre-FIFO HS m=0 last=0 data=0xb4b94f98 strb=0xf
[TRACE_W] 765000 W slave HS s=1 last=0 data=0x0f78252c
[TRACE_W_FIFO] 765000 W_FIFO_WR m=0 last=0 data=0x4ecd35e3
[TRACE_W_FIFO] 765000 W_FIFO_RD m=0 last=0 data=0xb4b94f98
[TRACE_W_XBAR] 765000 W_XBAR_M m=0 last=0 data=0x00000000
[TRACE_W_XBAR] 765000 W_XBAR_S s=1 last=0 data=0x00000000
UVM_INFO ./uvm/axi_slave_agent.sv(112) @ 775000: uvm_test_top.env.slv_ag1 [TRACE] S[1] SLV W beat 6 data=0x569cae34 last=0
[TRACE_XBAR_B] 775000 M side m=0 m_bvalid=0 m_bready=1
[TRACE_W] 775000 W pre-FIFO HS m=0 last=0 data=0x4ecd35e3 strb=0xf
[TRACE_W] 775000 W slave HS s=1 last=0 data=0x569cae34
[TRACE_W_FIFO] 775000 W_FIFO_WR m=0 last=0 data=0xa72d1da1
[TRACE_W_FIFO] 775000 W_FIFO_RD m=0 last=0 data=0x4ecd35e3
[TRACE_W_XBAR] 775000 W_XBAR_M m=0 last=0 data=0x00000001
[TRACE_W_XBAR] 775000 W_XBAR_S s=1 last=0 data=0x00000000
UVM_INFO ./uvm/axi_slave_agent.sv(112) @ 785000: uvm_test_top.env.slv_ag1 [TRACE] S[1] SLV W beat 7 data=0xb4b94f98 last=0
[TRACE_XBAR_B] 785000 M side m=0 m_bvalid=0 m_bready=1
[TRACE_W] 785000 W pre-FIFO HS m=0 last=0 data=0xa72d1da1 strb=0xf
[TRACE_W] 785000 W slave HS s=1 last=0 data=0xb4b94f98
[TRACE_W_FIFO] 785000 W_FIFO_WR m=0 last=1 data=0x5a050b7d
[TRACE_W_FIFO] 785000 W_FIFO_RD m=0 last=0 data=0xa72d1da1
[TRACE_W_XBAR] 785000 W_XBAR_M m=0 last=0 data=0x00000001
[TRACE_W_XBAR] 785000 W_XBAR_S s=1 last=0 data=0x00000000
UVM_INFO ./uvm/axi_slave_agent.sv(112) @ 795000: uvm_test_top.env.slv_ag1 [TRACE] S[1] SLV W beat 8 data=0x4ecd35e3 last=0
[TRACE_XBAR_B] 795000 M side m=0 m_bvalid=0 m_bready=1
[TRACE_W] 795000 W pre-FIFO HS m=0 last=1 data=0x5a050b7d strb=0xf
[TRACE_W] 795000 W slave HS s=1 last=0 data=0x4ecd35e3
[TRACE_W_FIFO] 795000 W_FIFO_RD m=0 last=1 data=0x5a050b7d
[TRACE_W_XBAR] 795000 W_XBAR_M m=0 last=1 data=0x00000001
[TRACE_W_XBAR] 795000 W_XBAR_S s=1 last=0 data=0x00000000
UVM_INFO ./uvm/axi_slave_agent.sv(112) @ 805000: uvm_test_top.env.slv_ag1 [TRACE] S[1] SLV W beat 9 data=0xa72d1da1 last=0
[TRACE_XBAR_B] 805000 M side m=0 m_bvalid=0 m_bready=1
[TRACE_W] 805000 W slave HS s=1 last=0 data=0xa72d1da1
[TRACE_W_XBAR] 805000 W_XBAR_S s=1 last=1 data=0x00000000
UVM_INFO ./uvm/axi_slave_agent.sv(112) @ 815000: uvm_test_top.env.slv_ag1 [TRACE] S[1] SLV W beat 10 data=0x5a050b7d last=1
[TRACE_XBAR_B] 815000 M side m=0 m_bvalid=0 m_bready=1
[TRACE_W] 815000 W slave HS s=1 last=1 data=0x5a050b7d
[TRACE_XBAR_B] 825000 M side m=0 m_bvalid=0 m_bready=1
[TRACE] 825000 B  from slave s=1
[TRACE_XBAR_B] 835000 M side m=0 m_bvalid=1 m_bready=1
[TRACE] 835000 B post-FIFO out m=0 id=0x09
[TRACE] 835000 B  to master m=0
[845000] M[0] DRV B Handshake! BID=9 b_pending_size=1
UVM_INFO ./uvm/axi_driver.sv(190) @ 845000: uvm_test_top.env.mst_ag0.drv_m0 [TRACE] M[0] DRV B resp=0 id=9
[TRACE] 845000 B merge in m=0 id=0x09 resp=00
[TRACE] 845000 B merge out m=0 id=0x09 resp=00
[TRACE_XBAR_B] 845000 M side m=0 m_bvalid=0 m_bready=1
UVM_INFO ./uvm/axi_driver.sv(126) @ 845000: uvm_test_top.env.mst_ag0.drv_m0 [TRACE] M[0] DRV AW start addr=0x00003ad8 id=5
[TRACE_XBAR_B] 855000 M side m=0 m_bvalid=0 m_bready=1
[TRACE_W_FIFO] 855000 W_FIFO_WR m=0 last=0 data=0xcd794cf8
[TRACE_XBAR_B] 865000 M side m=0 m_bvalid=0 m_bready=1
[TRACE] 865000 AW pre-FIFO m=0 addr=0x00003ad8 len=12
[TRACE_W] 865000 W pre-FIFO HS m=0 last=0 data=0xcd794cf8 strb=0xf
[TRACE_W_FIFO] 865000 W_FIFO_WR m=0 last=0 data=0xe9e4523b
[TRACE_W_FIFO] 865000 W_FIFO_RD m=0 last=0 data=0xcd794cf8
[TRACE_W_XBAR] 865000 W_XBAR_M m=0 last=0 data=0x00000000
UVM_INFO ./uvm/axi_slave_agent.sv(84) @ 875000: uvm_test_top.env.slv_ag1 [TRACE] S[1] SLV AW handshake id=5 addr=0x00003ad8 len=12
[TRACE_XBAR_B] 875000 M side m=0 m_bvalid=0 m_bready=1
[TRACE_W] 875000 W pre-FIFO HS m=0 last=0 data=0xe9e4523b strb=0xf
[TRACE] 875000 AW at slave s=1 addr=0x00003ad8 len=12
[TRACE_W_FIFO] 875000 W_FIFO_WR m=0 last=0 data=0xe80e794f
[TRACE_W_FIFO] 875000 W_FIFO_RD m=0 last=0 data=0xe9e4523b
[TRACE_W_XBAR] 875000 W_XBAR_M m=0 last=0 data=0x00000001
[TRACE_W_XBAR] 875000 W_XBAR_S s=1 last=0 data=0x00000000
UVM_INFO ./uvm/axi_slave_agent.sv(112) @ 885000: uvm_test_top.env.slv_ag1 [TRACE] S[1] SLV W beat 0 data=0xcd794cf8 last=0
[TRACE_XBAR_B] 885000 M side m=0 m_bvalid=0 m_bready=1
[TRACE_W] 885000 W pre-FIFO HS m=0 last=0 data=0xe80e794f strb=0xf
[TRACE_W] 885000 W slave HS s=1 last=0 data=0xcd794cf8
[TRACE_W_FIFO] 885000 W_FIFO_WR m=0 last=0 data=0x31781844
[TRACE_W_FIFO] 885000 W_FIFO_RD m=0 last=0 data=0xe80e794f
[TRACE_W_XBAR] 885000 W_XBAR_M m=0 last=0 data=0x00000001
[TRACE_W_XBAR] 885000 W_XBAR_S s=1 last=0 data=0x00000000
UVM_INFO ./uvm/axi_slave_agent.sv(112) @ 895000: uvm_test_top.env.slv_ag1 [TRACE] S[1] SLV W beat 1 data=0xe9e4523b last=0
[TRACE_XBAR_B] 895000 M side m=0 m_bvalid=0 m_bready=1
[TRACE_W] 895000 W pre-FIFO HS m=0 last=0 data=0x31781844 strb=0xf
[TRACE_W] 895000 W slave HS s=1 last=0 data=0xe9e4523b
[TRACE_W_FIFO] 895000 W_FIFO_WR m=0 last=0 data=0x2a6e11cb
[TRACE_W_FIFO] 895000 W_FIFO_RD m=0 last=0 data=0x31781844
[TRACE_W_XBAR] 895000 W_XBAR_M m=0 last=0 data=0x00000000
[TRACE_W_XBAR] 895000 W_XBAR_S s=1 last=0 data=0x00000000
UVM_INFO ./uvm/axi_slave_agent.sv(112) @ 905000: uvm_test_top.env.slv_ag1 [TRACE] S[1] SLV W beat 2 data=0xe80e794f last=0
[TRACE_XBAR_B] 905000 M side m=0 m_bvalid=0 m_bready=1
[TRACE_W] 905000 W pre-FIFO HS m=0 last=0 data=0x2a6e11cb strb=0xf
[TRACE_W] 905000 W slave HS s=1 last=0 data=0xe80e794f
[TRACE_W_FIFO] 905000 W_FIFO_WR m=0 last=0 data=0x33646026
[TRACE_W_FIFO] 905000 W_FIFO_RD m=0 last=0 data=0x2a6e11cb
[TRACE_W_XBAR] 905000 W_XBAR_M m=0 last=0 data=0x00000001
[TRACE_W_XBAR] 905000 W_XBAR_S s=1 last=0 data=0x00000000
UVM_INFO ./uvm/axi_slave_agent.sv(112) @ 915000: uvm_test_top.env.slv_ag1 [TRACE] S[1] SLV W beat 3 data=0x31781844 last=0
[TRACE_XBAR_B] 915000 M side m=0 m_bvalid=0 m_bready=1
[TRACE_W] 915000 W pre-FIFO HS m=0 last=0 data=0x33646026 strb=0xf
[TRACE_W] 915000 W slave HS s=1 last=0 data=0x31781844
[TRACE_W_FIFO] 915000 W_FIFO_WR m=0 last=0 data=0x61ce9b72
[TRACE_W_FIFO] 915000 W_FIFO_RD m=0 last=0 data=0x33646026
[TRACE_W_XBAR] 915000 W_XBAR_M m=0 last=0 data=0x00000000
[TRACE_W_XBAR] 915000 W_XBAR_S s=1 last=0 data=0x00000000
UVM_INFO ./uvm/axi_slave_agent.sv(112) @ 925000: uvm_test_top.env.slv_ag1 [TRACE] S[1] SLV W beat 4 data=0x2a6e11cb last=0
[TRACE_XBAR_B] 925000 M side m=0 m_bvalid=0 m_bready=1
[TRACE_W] 925000 W pre-FIFO HS m=0 last=0 data=0x61ce9b72 strb=0xf
[TRACE_W] 925000 W slave HS s=1 last=0 data=0x2a6e11cb
[TRACE_W_FIFO] 925000 W_FIFO_WR m=0 last=0 data=0x19184e4e
[TRACE_W_FIFO] 925000 W_FIFO_RD m=0 last=0 data=0x61ce9b72
[TRACE_W_XBAR] 925000 W_XBAR_M m=0 last=0 data=0x00000000
[TRACE_W_XBAR] 925000 W_XBAR_S s=1 last=0 data=0x00000000
UVM_INFO ./uvm/axi_slave_agent.sv(112) @ 935000: uvm_test_top.env.slv_ag1 [TRACE] S[1] SLV W beat 5 data=0x33646026 last=0
[TRACE_XBAR_B] 935000 M side m=0 m_bvalid=0 m_bready=1
[TRACE_W] 935000 W pre-FIFO HS m=0 last=0 data=0x19184e4e strb=0xf
[TRACE_W] 935000 W slave HS s=1 last=0 data=0x33646026
[TRACE_W_FIFO] 935000 W_FIFO_WR m=0 last=0 data=0x1ccf4672
[TRACE_W_FIFO] 935000 W_FIFO_RD m=0 last=0 data=0x19184e4e
[TRACE_W_XBAR] 935000 W_XBAR_M m=0 last=0 data=0x00000000
[TRACE_W_XBAR] 935000 W_XBAR_S s=1 last=0 data=0x00000000
UVM_INFO ./uvm/axi_slave_agent.sv(112) @ 945000: uvm_test_top.env.slv_ag1 [TRACE] S[1] SLV W beat 6 data=0x61ce9b72 last=0
[TRACE_XBAR_B] 945000 M side m=0 m_bvalid=0 m_bready=1
[TRACE_W] 945000 W pre-FIFO HS m=0 last=0 data=0x1ccf4672 strb=0xf
[TRACE_W] 945000 W slave HS s=1 last=0 data=0x61ce9b72
[TRACE_W_FIFO] 945000 W_FIFO_WR m=0 last=0 data=0xae5d2744
[TRACE_W_FIFO] 945000 W_FIFO_RD m=0 last=0 data=0x1ccf4672
[TRACE_W_XBAR] 945000 W_XBAR_M m=0 last=0 data=0x00000000
[TRACE_W_XBAR] 945000 W_XBAR_S s=1 last=0 data=0x00000000
UVM_INFO ./uvm/axi_slave_agent.sv(112) @ 955000: uvm_test_top.env.slv_ag1 [TRACE] S[1] SLV W beat 7 data=0x19184e4e last=0
[TRACE_XBAR_B] 955000 M side m=0 m_bvalid=0 m_bready=1
[TRACE_W] 955000 W pre-FIFO HS m=0 last=0 data=0xae5d2744 strb=0xf
[TRACE_W] 955000 W slave HS s=1 last=0 data=0x19184e4e
[TRACE_W_FIFO] 955000 W_FIFO_WR m=0 last=0 data=0x7d77c379
[TRACE_W_FIFO] 955000 W_FIFO_RD m=0 last=0 data=0xae5d2744
[TRACE_W_XBAR] 955000 W_XBAR_M m=0 last=0 data=0x00000000
[TRACE_W_XBAR] 955000 W_XBAR_S s=1 last=0 data=0x00000000
UVM_INFO ./uvm/axi_slave_agent.sv(112) @ 965000: uvm_test_top.env.slv_ag1 [TRACE] S[1] SLV W beat 8 data=0x1ccf4672 last=0
[TRACE_XBAR_B] 965000 M side m=0 m_bvalid=0 m_bready=1
[TRACE_W] 965000 W pre-FIFO HS m=0 last=0 data=0x7d77c379 strb=0xf
[TRACE_W] 965000 W slave HS s=1 last=0 data=0x1ccf4672
[TRACE_W_FIFO] 965000 W_FIFO_WR m=0 last=0 data=0xad2280f1
[TRACE_W_FIFO] 965000 W_FIFO_RD m=0 last=0 data=0x7d77c379
[TRACE_W_XBAR] 965000 W_XBAR_M m=0 last=0 data=0x00000001
[TRACE_W_XBAR] 965000 W_XBAR_S s=1 last=0 data=0x00000000
UVM_INFO ./uvm/axi_slave_agent.sv(112) @ 975000: uvm_test_top.env.slv_ag1 [TRACE] S[1] SLV W beat 9 data=0xae5d2744 last=0
[TRACE_XBAR_B] 975000 M side m=0 m_bvalid=0 m_bready=1
[TRACE_W] 975000 W pre-FIFO HS m=0 last=0 data=0xad2280f1 strb=0xf
[TRACE_W] 975000 W slave HS s=1 last=0 data=0xae5d2744
[TRACE_W_FIFO] 975000 W_FIFO_WR m=0 last=1 data=0x569b98ff
[TRACE_W_FIFO] 975000 W_FIFO_RD m=0 last=0 data=0xad2280f1
[TRACE_W_XBAR] 975000 W_XBAR_M m=0 last=0 data=0x00000001
[TRACE_W_XBAR] 975000 W_XBAR_S s=1 last=0 data=0x00000000
UVM_INFO ./uvm/axi_slave_agent.sv(112) @ 985000: uvm_test_top.env.slv_ag1 [TRACE] S[1] SLV W beat 10 data=0x7d77c379 last=0
[TRACE_XBAR_B] 985000 M side m=0 m_bvalid=0 m_bready=1
[TRACE_W] 985000 W pre-FIFO HS m=0 last=1 data=0x569b98ff strb=0xf
[TRACE_W] 985000 W slave HS s=1 last=0 data=0x7d77c379
[TRACE_W_FIFO] 985000 W_FIFO_RD m=0 last=1 data=0x569b98ff
[TRACE_W_XBAR] 985000 W_XBAR_M m=0 last=1 data=0x00000001
[TRACE_W_XBAR] 985000 W_XBAR_S s=1 last=0 data=0x00000000
UVM_INFO ./uvm/axi_slave_agent.sv(112) @ 995000: uvm_test_top.env.slv_ag1 [TRACE] S[1] SLV W beat 11 data=0xad2280f1 last=0
[TRACE_XBAR_B] 995000 M side m=0 m_bvalid=0 m_bready=1
[TRACE_W] 995000 W slave HS s=1 last=0 data=0xad2280f1
[TRACE_W_XBAR] 995000 W_XBAR_S s=1 last=1 data=0x00000000
UVM_INFO ./uvm/axi_slave_agent.sv(112) @ 1005000: uvm_test_top.env.slv_ag1 [TRACE] S[1] SLV W beat 12 data=0x569b98ff last=1
[TRACE_XBAR_B] 1005000 M side m=0 m_bvalid=0 m_bready=1
[TRACE_W] 1005000 W slave HS s=1 last=1 data=0x569b98ff
[TRACE_XBAR_B] 1015000 M side m=0 m_bvalid=0 m_bready=1
[TRACE] 1015000 B  from slave s=1
[TRACE_XBAR_B] 1025000 M side m=0 m_bvalid=1 m_bready=1
[TRACE] 1025000 B post-FIFO out m=0 id=0x05
[TRACE] 1025000 B  to master m=0
[1035000] M[0] DRV B Handshake! BID=5 b_pending_size=1
UVM_INFO ./uvm/axi_driver.sv(190) @ 1035000: uvm_test_top.env.mst_ag0.drv_m0 [TRACE] M[0] DRV B resp=0 id=5
[TRACE] 1035000 B merge in m=0 id=0x05 resp=00
[TRACE] 1035000 B merge out m=0 id=0x05 resp=00
[TRACE_XBAR_B] 1035000 M side m=0 m_bvalid=0 m_bready=1
UVM_INFO ./uvm/axi_driver.sv(220) @ 1035000: uvm_test_top.env.mst_ag0.drv_m0 [TRACE] M[0] DRV AR start addr=0x000046e0 len=1 id=13
[TRACE_XBAR_B] 1045000 M side m=0 m_bvalid=0 m_bready=1
[TRACE_XBAR_B] 1055000 M side m=0 m_bvalid=0 m_bready=1
[TRACE] 1055000 AR pre-FIFO vld m=0 vld=1 rdy=1
[TRACE] 1055000 AR pre-FIFO out m=0 addr=0x000046e0
[TRACE] 1055000 AR pre-FIFO m=0 addr=0x000046e0 len=1
UVM_INFO ./uvm/axi_slave_agent.sv(171) @ 1065000: uvm_test_top.env.slv_ag2 [TRACE] S[2] SLV AR handshake id=13 addr=0x000046e0 len=1
[TRACE_XBAR_B] 1065000 M side m=0 m_bvalid=0 m_bready=1
[TRACE] 1065000 AR at slave s=2 addr=0x000046e0
[TRACE] 1065000 AR pre-FIFO vld m=0 vld=0 rdy=0
[TRACE] 1065000 AR at slave s=2 addr=0x000046e0 len=1
UVM_INFO ./uvm/axi_slave_agent.sv(204) @ 1065000: uvm_test_top.env.slv_ag2 [TRACE] S[2] SLV R MISS at addr=0x000046e0
UVM_INFO ./uvm/axi_slave_agent.sv(204) @ 1075000: uvm_test_top.env.slv_ag2 [TRACE] S[2] SLV R MISS at addr=0x000046e4
[TRACE_XBAR_B] 1075000 M side m=0 m_bvalid=0 m_bready=1
[TRACE] 1075000 R  from slave s=2
[TRACE_XBAR_B] 1085000 M side m=0 m_bvalid=0 m_bready=1
[TRACE] 1085000 R  to master m=0
[TRACE] 1085000 R  from slave s=2
[TRACE_XBAR_B] 1095000 M side m=0 m_bvalid=0 m_bready=1
[TRACE] 1095000 R  to master m=0
[TRACE_XBAR_B] 1105000 M side m=0 m_bvalid=0 m_bready=1
UVM_INFO ./uvm/axi_driver.sv(220) @ 1105000: uvm_test_top.env.mst_ag0.drv_m0 [TRACE] M[0] DRV AR start addr=0x000017ac len=10 id=15
[TRACE_XBAR_B] 1115000 M side m=0 m_bvalid=0 m_bready=1
[TRACE_XBAR_B] 1125000 M side m=0 m_bvalid=0 m_bready=1
[TRACE] 1125000 AR pre-FIFO vld m=0 vld=1 rdy=1
[TRACE] 1125000 AR pre-FIFO out m=0 addr=0x000017ac
[TRACE] 1125000 AR pre-FIFO m=0 addr=0x000017ac len=10
UVM_INFO ./uvm/axi_slave_agent.sv(171) @ 1135000: uvm_test_top.env.slv_ag0 [TRACE] S[0] SLV AR handshake id=15 addr=0x000017ac len=10
[TRACE_XBAR_B] 1135000 M side m=0 m_bvalid=0 m_bready=1
[TRACE] 1135000 AR at slave s=0 addr=0x000017ac
[TRACE] 1135000 AR pre-FIFO vld m=0 vld=0 rdy=0
[TRACE] 1135000 AR at slave s=0 addr=0x000017ac len=10
UVM_INFO ./uvm/axi_slave_agent.sv(204) @ 1135000: uvm_test_top.env.slv_ag0 [TRACE] S[0] SLV R MISS at addr=0x000017ac
UVM_INFO ./uvm/axi_slave_agent.sv(204) @ 1145000: uvm_test_top.env.slv_ag0 [TRACE] S[0] SLV R MISS at addr=0x000017b0
[TRACE_XBAR_B] 1145000 M side m=0 m_bvalid=0 m_bready=1
[TRACE] 1145000 R  from slave s=0
UVM_INFO ./uvm/axi_slave_agent.sv(204) @ 1155000: uvm_test_top.env.slv_ag0 [TRACE] S[0] SLV R MISS at addr=0x000017b4
[TRACE_XBAR_B] 1155000 M side m=0 m_bvalid=0 m_bready=1
[TRACE] 1155000 R  to master m=0
[TRACE] 1155000 R  from slave s=0
UVM_INFO ./uvm/axi_slave_agent.sv(204) @ 1165000: uvm_test_top.env.slv_ag0 [TRACE] S[0] SLV R MISS at addr=0x000017b8
[TRACE_XBAR_B] 1165000 M side m=0 m_bvalid=0 m_bready=1
[TRACE] 1165000 R  to master m=0
[TRACE] 1165000 R  from slave s=0
UVM_INFO ./uvm/axi_slave_agent.sv(204) @ 1175000: uvm_test_top.env.slv_ag0 [TRACE] S[0] SLV R MISS at addr=0x000017bc
[TRACE_XBAR_B] 1175000 M side m=0 m_bvalid=0 m_bready=1
[TRACE] 1175000 R  to master m=0
[TRACE] 1175000 R  from slave s=0
UVM_INFO ./uvm/axi_slave_agent.sv(204) @ 1185000: uvm_test_top.env.slv_ag0 [TRACE] S[0] SLV R MISS at addr=0x000017c0
[TRACE_XBAR_B] 1185000 M side m=0 m_bvalid=0 m_bready=1
[TRACE] 1185000 R  to master m=0
[TRACE] 1185000 R  from slave s=0
UVM_INFO ./uvm/axi_slave_agent.sv(204) @ 1195000: uvm_test_top.env.slv_ag0 [TRACE] S[0] SLV R MISS at addr=0x000017c4
[TRACE_XBAR_B] 1195000 M side m=0 m_bvalid=0 m_bready=1
[TRACE] 1195000 R  to master m=0
[TRACE] 1195000 R  from slave s=0
UVM_INFO ./uvm/axi_slave_agent.sv(204) @ 1205000: uvm_test_top.env.slv_ag0 [TRACE] S[0] SLV R MISS at addr=0x000017c8
[TRACE_XBAR_B] 1205000 M side m=0 m_bvalid=0 m_bready=1
[TRACE] 1205000 R  to master m=0
[TRACE] 1205000 R  from slave s=0
UVM_INFO ./uvm/axi_slave_agent.sv(204) @ 1215000: uvm_test_top.env.slv_ag0 [TRACE] S[0] SLV R MISS at addr=0x000017cc
[TRACE_XBAR_B] 1215000 M side m=0 m_bvalid=0 m_bready=1
[TRACE] 1215000 R  to master m=0
[TRACE] 1215000 R  from slave s=0
UVM_INFO ./uvm/axi_slave_agent.sv(204) @ 1225000: uvm_test_top.env.slv_ag0 [TRACE] S[0] SLV R MISS at addr=0x000017d0
[TRACE_XBAR_B] 1225000 M side m=0 m_bvalid=0 m_bready=1
[TRACE] 1225000 R  to master m=0
[TRACE] 1225000 R  from slave s=0
UVM_INFO ./uvm/axi_slave_agent.sv(204) @ 1235000: uvm_test_top.env.slv_ag0 [TRACE] S[0] SLV R MISS at addr=0x000017d4
[TRACE_XBAR_B] 1235000 M side m=0 m_bvalid=0 m_bready=1
[TRACE] 1235000 R  to master m=0
[TRACE] 1235000 R  from slave s=0
[TRACE_XBAR_B] 1245000 M side m=0 m_bvalid=0 m_bready=1
[TRACE] 1245000 R  to master m=0
[TRACE] 1245000 R  from slave s=0
[TRACE_XBAR_B] 1255000 M side m=0 m_bvalid=0 m_bready=1
[TRACE] 1255000 R  to master m=0
[TRACE_XBAR_B] 1265000 M side m=0 m_bvalid=0 m_bready=1
UVM_INFO ./uvm/axi_driver.sv(220) @ 1265000: uvm_test_top.env.mst_ag0.drv_m0 [TRACE] M[0] DRV AR start addr=0x000014d0 len=2 id=7
[TRACE_XBAR_B] 1275000 M side m=0 m_bvalid=0 m_bready=1
[TRACE_XBAR_B] 1285000 M side m=0 m_bvalid=0 m_bready=1
[TRACE] 1285000 AR pre-FIFO vld m=0 vld=1 rdy=1
[TRACE] 1285000 AR pre-FIFO out m=0 addr=0x000014d0
[TRACE] 1285000 AR pre-FIFO m=0 addr=0x000014d0 len=2
UVM_INFO ./uvm/axi_slave_agent.sv(171) @ 1295000: uvm_test_top.env.slv_ag0 [TRACE] S[0] SLV AR handshake id=7 addr=0x000014d0 len=2
[TRACE_XBAR_B] 1295000 M side m=0 m_bvalid=0 m_bready=1
[TRACE] 1295000 AR at slave s=0 addr=0x000014d0
[TRACE] 1295000 AR pre-FIFO vld m=0 vld=0 rdy=0
[TRACE] 1295000 AR at slave s=0 addr=0x000014d0 len=2
UVM_INFO ./uvm/axi_slave_agent.sv(204) @ 1295000: uvm_test_top.env.slv_ag0 [TRACE] S[0] SLV R MISS at addr=0x000014d0
UVM_INFO ./uvm/axi_slave_agent.sv(204) @ 1305000: uvm_test_top.env.slv_ag0 [TRACE] S[0] SLV R MISS at addr=0x000014d4
[TRACE_XBAR_B] 1305000 M side m=0 m_bvalid=0 m_bready=1
[TRACE] 1305000 R  from slave s=0
UVM_INFO ./uvm/axi_slave_agent.sv(204) @ 1315000: uvm_test_top.env.slv_ag0 [TRACE] S[0] SLV R MISS at addr=0x000014d8
[TRACE_XBAR_B] 1315000 M side m=0 m_bvalid=0 m_bready=1
[TRACE] 1315000 R  to master m=0
[TRACE] 1315000 R  from slave s=0
[TRACE_XBAR_B] 1325000 M side m=0 m_bvalid=0 m_bready=1
[TRACE] 1325000 R  to master m=0
[TRACE] 1325000 R  from slave s=0
[TRACE_XBAR_B] 1335000 M side m=0 m_bvalid=0 m_bready=1
[TRACE] 1335000 R  to master m=0
[TRACE_XBAR_B] 1345000 M side m=0 m_bvalid=0 m_bready=1
UVM_INFO ./uvm/axi_driver.sv(126) @ 1345000: uvm_test_top.env.mst_ag0.drv_m0 [TRACE] M[0] DRV AW start addr=0x00006ce4 id=15
[TRACE_XBAR_B] 1355000 M side m=0 m_bvalid=0 m_bready=1
[TRACE_W_FIFO] 1355000 W_FIFO_WR m=0 last=0 data=0xd636fcfb
[TRACE_XBAR_B] 1365000 M side m=0 m_bvalid=0 m_bready=1
[TRACE] 1365000 AW pre-FIFO m=0 addr=0x00006ce4 len=8
[TRACE_W] 1365000 W pre-FIFO HS m=0 last=0 data=0xd636fcfb strb=0xf
[TRACE_W_FIFO] 1365000 W_FIFO_WR m=0 last=0 data=0xcb3d8b57
[TRACE_W_FIFO] 1365000 W_FIFO_RD m=0 last=0 data=0xd636fcfb
[TRACE_W_XBAR] 1365000 W_XBAR_M m=0 last=0 data=0x00000001
UVM_INFO ./uvm/axi_slave_agent.sv(84) @ 1375000: uvm_test_top.env.slv_ag3 [TRACE] S[3] SLV AW handshake id=15 addr=0x00006ce4 len=8
[TRACE_XBAR_B] 1375000 M side m=0 m_bvalid=0 m_bready=1
[TRACE_W] 1375000 W pre-FIFO HS m=0 last=0 data=0xcb3d8b57 strb=0xf
[TRACE] 1375000 AW at slave s=3 addr=0x00006ce4 len=8
[TRACE_W_FIFO] 1375000 W_FIFO_WR m=0 last=0 data=0xac3338cc
[TRACE_W_FIFO] 1375000 W_FIFO_RD m=0 last=0 data=0xcb3d8b57
[TRACE_W_XBAR] 1375000 W_XBAR_M m=0 last=0 data=0x00000001
[TRACE_W_XBAR] 1375000 W_XBAR_S s=3 last=0 data=0x00000000
UVM_INFO ./uvm/axi_slave_agent.sv(112) @ 1385000: uvm_test_top.env.slv_ag3 [TRACE] S[3] SLV W beat 0 data=0xd636fcfb last=0
[TRACE_XBAR_B] 1385000 M side m=0 m_bvalid=0 m_bready=1
[TRACE_W] 1385000 W pre-FIFO HS m=0 last=0 data=0xac3338cc strb=0xf
[TRACE_W] 1385000 W slave HS s=3 last=0 data=0xd636fcfb
[TRACE_W_FIFO] 1385000 W_FIFO_WR m=0 last=0 data=0x6bd407cd
[TRACE_W_FIFO] 1385000 W_FIFO_RD m=0 last=0 data=0xac3338cc
[TRACE_W_XBAR] 1385000 W_XBAR_M m=0 last=0 data=0x00000000
[TRACE_W_XBAR] 1385000 W_XBAR_S s=3 last=0 data=0x00000000
UVM_INFO ./uvm/axi_slave_agent.sv(112) @ 1395000: uvm_test_top.env.slv_ag3 [TRACE] S[3] SLV W beat 1 data=0xcb3d8b57 last=0
[TRACE_XBAR_B] 1395000 M side m=0 m_bvalid=0 m_bready=1
[TRACE_W] 1395000 W pre-FIFO HS m=0 last=0 data=0x6bd407cd strb=0xf
[TRACE_W] 1395000 W slave HS s=3 last=0 data=0xcb3d8b57
[TRACE_W_FIFO] 1395000 W_FIFO_WR m=0 last=0 data=0x66a24473
[TRACE_W_FIFO] 1395000 W_FIFO_RD m=0 last=0 data=0x6bd407cd
[TRACE_W_XBAR] 1395000 W_XBAR_M m=0 last=0 data=0x00000001
[TRACE_W_XBAR] 1395000 W_XBAR_S s=3 last=0 data=0x00000000
UVM_INFO ./uvm/axi_slave_agent.sv(112) @ 1405000: uvm_test_top.env.slv_ag3 [TRACE] S[3] SLV W beat 2 data=0xac3338cc last=0
[TRACE_XBAR_B] 1405000 M side m=0 m_bvalid=0 m_bready=1
[TRACE_W] 1405000 W pre-FIFO HS m=0 last=0 data=0x66a24473 strb=0xf
[TRACE_W] 1405000 W slave HS s=3 last=0 data=0xac3338cc
[TRACE_W_FIFO] 1405000 W_FIFO_WR m=0 last=0 data=0x3f39117f
[TRACE_W_FIFO] 1405000 W_FIFO_RD m=0 last=0 data=0x66a24473
[TRACE_W_XBAR] 1405000 W_XBAR_M m=0 last=0 data=0x00000001
[TRACE_W_XBAR] 1405000 W_XBAR_S s=3 last=0 data=0x00000000
UVM_INFO ./uvm/axi_slave_agent.sv(112) @ 1415000: uvm_test_top.env.slv_ag3 [TRACE] S[3] SLV W beat 3 data=0x6bd407cd last=0
[TRACE_XBAR_B] 1415000 M side m=0 m_bvalid=0 m_bready=1
[TRACE_W] 1415000 W pre-FIFO HS m=0 last=0 data=0x3f39117f strb=0xf
[TRACE_W] 1415000 W slave HS s=3 last=0 data=0x6bd407cd
[TRACE_W_FIFO] 1415000 W_FIFO_WR m=0 last=0 data=0x560de1aa
[TRACE_W_FIFO] 1415000 W_FIFO_RD m=0 last=0 data=0x3f39117f
[TRACE_W_XBAR] 1415000 W_XBAR_M m=0 last=0 data=0x00000001
[TRACE_W_XBAR] 1415000 W_XBAR_S s=3 last=0 data=0x00000000
UVM_INFO ./uvm/axi_slave_agent.sv(112) @ 1425000: uvm_test_top.env.slv_ag3 [TRACE] S[3] SLV W beat 4 data=0x66a24473 last=0
[TRACE_XBAR_B] 1425000 M side m=0 m_bvalid=0 m_bready=1
[TRACE_W] 1425000 W pre-FIFO HS m=0 last=0 data=0x560de1aa strb=0xf
[TRACE_W] 1425000 W slave HS s=3 last=0 data=0x66a24473
[TRACE_W_FIFO] 1425000 W_FIFO_WR m=0 last=0 data=0x24054377
[TRACE_W_FIFO] 1425000 W_FIFO_RD m=0 last=0 data=0x560de1aa
[TRACE_W_XBAR] 1425000 W_XBAR_M m=0 last=0 data=0x00000000
[TRACE_W_XBAR] 1425000 W_XBAR_S s=3 last=0 data=0x00000000
UVM_INFO ./uvm/axi_slave_agent.sv(112) @ 1435000: uvm_test_top.env.slv_ag3 [TRACE] S[3] SLV W beat 5 data=0x3f39117f last=0
[TRACE_XBAR_B] 1435000 M side m=0 m_bvalid=0 m_bready=1
[TRACE_W] 1435000 W pre-FIFO HS m=0 last=0 data=0x24054377 strb=0xf
[TRACE_W] 1435000 W slave HS s=3 last=0 data=0x3f39117f
[TRACE_W_FIFO] 1435000 W_FIFO_WR m=0 last=1 data=0x3b535809
[TRACE_W_FIFO] 1435000 W_FIFO_RD m=0 last=0 data=0x24054377
[TRACE_W_XBAR] 1435000 W_XBAR_M m=0 last=0 data=0x00000001
[TRACE_W_XBAR] 1435000 W_XBAR_S s=3 last=0 data=0x00000000
UVM_INFO ./uvm/axi_slave_agent.sv(112) @ 1445000: uvm_test_top.env.slv_ag3 [TRACE] S[3] SLV W beat 6 data=0x560de1aa last=0
[TRACE_XBAR_B] 1445000 M side m=0 m_bvalid=0 m_bready=1
[TRACE_W] 1445000 W pre-FIFO HS m=0 last=1 data=0x3b535809 strb=0xf
[TRACE_W] 1445000 W slave HS s=3 last=0 data=0x560de1aa
[TRACE_W_FIFO] 1445000 W_FIFO_RD m=0 last=1 data=0x3b535809
[TRACE_W_XBAR] 1445000 W_XBAR_M m=0 last=1 data=0x00000001
[TRACE_W_XBAR] 1445000 W_XBAR_S s=3 last=0 data=0x00000000
UVM_INFO ./uvm/axi_slave_agent.sv(112) @ 1455000: uvm_test_top.env.slv_ag3 [TRACE] S[3] SLV W beat 7 data=0x24054377 last=0
[TRACE_XBAR_B] 1455000 M side m=0 m_bvalid=0 m_bready=1
[TRACE_W] 1455000 W slave HS s=3 last=0 data=0x24054377
[TRACE_W_XBAR] 1455000 W_XBAR_S s=3 last=1 data=0x00000000
UVM_INFO ./uvm/axi_slave_agent.sv(112) @ 1465000: uvm_test_top.env.slv_ag3 [TRACE] S[3] SLV W beat 8 data=0x3b535809 last=1
[TRACE_XBAR_B] 1465000 M side m=0 m_bvalid=0 m_bready=1
[TRACE_W] 1465000 W slave HS s=3 last=1 data=0x3b535809
[TRACE_XBAR_B] 1475000 M side m=0 m_bvalid=0 m_bready=1
[TRACE] 1475000 B  from slave s=3
[TRACE_XBAR_B] 1485000 M side m=0 m_bvalid=1 m_bready=1
[TRACE] 1485000 B post-FIFO out m=0 id=0x0f
[TRACE] 1485000 B  to master m=0
[1495000] M[0] DRV B Handshake! BID=15 b_pending_size=1
UVM_INFO ./uvm/axi_driver.sv(190) @ 1495000: uvm_test_top.env.mst_ag0.drv_m0 [TRACE] M[0] DRV B resp=0 id=15
[TRACE] 1495000 B merge in m=0 id=0x0f resp=00
[TRACE] 1495000 B merge out m=0 id=0x0f resp=00
[TRACE_XBAR_B] 1495000 M side m=0 m_bvalid=0 m_bready=1
UVM_INFO ./uvm/axi_driver.sv(126) @ 1495000: uvm_test_top.env.mst_ag0.drv_m0 [TRACE] M[0] DRV AW start addr=0x00006228 id=7
[TRACE_XBAR_B] 1505000 M side m=0 m_bvalid=0 m_bready=1
[TRACE_W_FIFO] 1505000 W_FIFO_WR m=0 last=0 data=0x248f1ed8
[TRACE_XBAR_B] 1515000 M side m=0 m_bvalid=0 m_bready=1
[TRACE] 1515000 AW pre-FIFO m=0 addr=0x00006228 len=12
[TRACE_W] 1515000 W pre-FIFO HS m=0 last=0 data=0x248f1ed8 strb=0xf
[TRACE_W_FIFO] 1515000 W_FIFO_WR m=0 last=0 data=0xfe854360
[TRACE_W_FIFO] 1515000 W_FIFO_RD m=0 last=0 data=0x248f1ed8
[TRACE_W_XBAR] 1515000 W_XBAR_M m=0 last=0 data=0x00000000
UVM_INFO ./uvm/axi_slave_agent.sv(84) @ 1525000: uvm_test_top.env.slv_ag3 [TRACE] S[3] SLV AW handshake id=7 addr=0x00006228 len=12
[TRACE_XBAR_B] 1525000 M side m=0 m_bvalid=0 m_bready=1
[TRACE_W] 1525000 W pre-FIFO HS m=0 last=0 data=0xfe854360 strb=0xf
[TRACE] 1525000 AW at slave s=3 addr=0x00006228 len=12
[TRACE_W_FIFO] 1525000 W_FIFO_WR m=0 last=0 data=0x55ca88e6
[TRACE_W_FIFO] 1525000 W_FIFO_RD m=0 last=0 data=0xfe854360
[TRACE_W_XBAR] 1525000 W_XBAR_M m=0 last=0 data=0x00000000
[TRACE_W_XBAR] 1525000 W_XBAR_S s=3 last=0 data=0x00000000
UVM_INFO ./uvm/axi_slave_agent.sv(112) @ 1535000: uvm_test_top.env.slv_ag3 [TRACE] S[3] SLV W beat 0 data=0x248f1ed8 last=0
[TRACE_XBAR_B] 1535000 M side m=0 m_bvalid=0 m_bready=1
[TRACE_W] 1535000 W pre-FIFO HS m=0 last=0 data=0x55ca88e6 strb=0xf
[TRACE_W] 1535000 W slave HS s=3 last=0 data=0x248f1ed8
[TRACE_W_FIFO] 1535000 W_FIFO_WR m=0 last=0 data=0x0fefff06
[TRACE_W_FIFO] 1535000 W_FIFO_RD m=0 last=0 data=0x55ca88e6
[TRACE_W_XBAR] 1535000 W_XBAR_M m=0 last=0 data=0x00000000
[TRACE_W_XBAR] 1535000 W_XBAR_S s=3 last=0 data=0x00000000
UVM_INFO ./uvm/axi_slave_agent.sv(112) @ 1545000: uvm_test_top.env.slv_ag3 [TRACE] S[3] SLV W beat 1 data=0xfe854360 last=0
[TRACE_XBAR_B] 1545000 M side m=0 m_bvalid=0 m_bready=1
[TRACE_W] 1545000 W pre-FIFO HS m=0 last=0 data=0x0fefff06 strb=0xf
[TRACE_W] 1545000 W slave HS s=3 last=0 data=0xfe854360
[TRACE_W_FIFO] 1545000 W_FIFO_WR m=0 last=0 data=0xb5465684
[TRACE_W_FIFO] 1545000 W_FIFO_RD m=0 last=0 data=0x0fefff06
[TRACE_W_XBAR] 1545000 W_XBAR_M m=0 last=0 data=0x00000000
[TRACE_W_XBAR] 1545000 W_XBAR_S s=3 last=0 data=0x00000000
UVM_INFO ./uvm/axi_slave_agent.sv(112) @ 1555000: uvm_test_top.env.slv_ag3 [TRACE] S[3] SLV W beat 2 data=0x55ca88e6 last=0
[TRACE_XBAR_B] 1555000 M side m=0 m_bvalid=0 m_bready=1
[TRACE_W] 1555000 W pre-FIFO HS m=0 last=0 data=0xb5465684 strb=0xf
[TRACE_W] 1555000 W slave HS s=3 last=0 data=0x55ca88e6
[TRACE_W_FIFO] 1555000 W_FIFO_WR m=0 last=0 data=0xb7503e46
[TRACE_W_FIFO] 1555000 W_FIFO_RD m=0 last=0 data=0xb5465684
[TRACE_W_XBAR] 1555000 W_XBAR_M m=0 last=0 data=0x00000000
[TRACE_W_XBAR] 1555000 W_XBAR_S s=3 last=0 data=0x00000000
UVM_INFO ./uvm/axi_slave_agent.sv(112) @ 1565000: uvm_test_top.env.slv_ag3 [TRACE] S[3] SLV W beat 3 data=0x0fefff06 last=0
[TRACE_XBAR_B] 1565000 M side m=0 m_bvalid=0 m_bready=1
[TRACE_W] 1565000 W pre-FIFO HS m=0 last=0 data=0xb7503e46 strb=0xf
[TRACE_W] 1565000 W slave HS s=3 last=0 data=0x0fefff06
[TRACE_W_FIFO] 1565000 W_FIFO_WR m=0 last=0 data=0x54f568eb
[TRACE_W_FIFO] 1565000 W_FIFO_RD m=0 last=0 data=0xb7503e46
[TRACE_W_XBAR] 1565000 W_XBAR_M m=0 last=0 data=0x00000000
[TRACE_W_XBAR] 1565000 W_XBAR_S s=3 last=0 data=0x00000000
UVM_INFO ./uvm/axi_slave_agent.sv(112) @ 1575000: uvm_test_top.env.slv_ag3 [TRACE] S[3] SLV W beat 4 data=0xb5465684 last=0
[TRACE_XBAR_B] 1575000 M side m=0 m_bvalid=0 m_bready=1
[TRACE_W] 1575000 W pre-FIFO HS m=0 last=0 data=0x54f568eb strb=0xf
[TRACE_W] 1575000 W slave HS s=3 last=0 data=0xb5465684
[TRACE_W_FIFO] 1575000 W_FIFO_WR m=0 last=0 data=0xc7244ea1
[TRACE_W_FIFO] 1575000 W_FIFO_RD m=0 last=0 data=0x54f568eb
[TRACE_W_XBAR] 1575000 W_XBAR_M m=0 last=0 data=0x00000001
[TRACE_W_XBAR] 1575000 W_XBAR_S s=3 last=0 data=0x00000000
UVM_INFO ./uvm/axi_slave_agent.sv(112) @ 1585000: uvm_test_top.env.slv_ag3 [TRACE] S[3] SLV W beat 5 data=0xb7503e46 last=0
[TRACE_XBAR_B] 1585000 M side m=0 m_bvalid=0 m_bready=1
[TRACE_W] 1585000 W pre-FIFO HS m=0 last=0 data=0xc7244ea1 strb=0xf
[TRACE_W] 1585000 W slave HS s=3 last=0 data=0xb7503e46
[TRACE_W_FIFO] 1585000 W_FIFO_WR m=0 last=0 data=0x57395911
[TRACE_W_FIFO] 1585000 W_FIFO_RD m=0 last=0 data=0xc7244ea1
[TRACE_W_XBAR] 1585000 W_XBAR_M m=0 last=0 data=0x00000001
[TRACE_W_XBAR] 1585000 W_XBAR_S s=3 last=0 data=0x00000000
UVM_INFO ./uvm/axi_slave_agent.sv(112) @ 1595000: uvm_test_top.env.slv_ag3 [TRACE] S[3] SLV W beat 6 data=0x54f568eb last=0
[TRACE_XBAR_B] 1595000 M side m=0 m_bvalid=0 m_bready=1
[TRACE_W] 1595000 W pre-FIFO HS m=0 last=0 data=0x57395911 strb=0xf
[TRACE_W] 1595000 W slave HS s=3 last=0 data=0x54f568eb
[TRACE_W_FIFO] 1595000 W_FIFO_WR m=0 last=0 data=0xf22dbe35
[TRACE_W_FIFO] 1595000 W_FIFO_RD m=0 last=0 data=0x57395911
[TRACE_W_XBAR] 1595000 W_XBAR_M m=0 last=0 data=0x00000001
[TRACE_W_XBAR] 1595000 W_XBAR_S s=3 last=0 data=0x00000000
UVM_INFO ./uvm/axi_slave_agent.sv(112) @ 1605000: uvm_test_top.env.slv_ag3 [TRACE] S[3] SLV W beat 7 data=0xc7244ea1 last=0
[TRACE_XBAR_B] 1605000 M side m=0 m_bvalid=0 m_bready=1
[TRACE_W] 1605000 W pre-FIFO HS m=0 last=0 data=0xf22dbe35 strb=0xf
[TRACE_W] 1605000 W slave HS s=3 last=0 data=0xc7244ea1
[TRACE_W_FIFO] 1605000 W_FIFO_WR m=0 last=0 data=0x06588212
[TRACE_W_FIFO] 1605000 W_FIFO_RD m=0 last=0 data=0xf22dbe35
[TRACE_W_XBAR] 1605000 W_XBAR_M m=0 last=0 data=0x00000001
[TRACE_W_XBAR] 1605000 W_XBAR_S s=3 last=0 data=0x00000000
UVM_INFO ./uvm/axi_slave_agent.sv(112) @ 1615000: uvm_test_top.env.slv_ag3 [TRACE] S[3] SLV W beat 8 data=0x57395911 last=0
[TRACE_XBAR_B] 1615000 M side m=0 m_bvalid=0 m_bready=1
[TRACE_W] 1615000 W pre-FIFO HS m=0 last=0 data=0x06588212 strb=0xf
[TRACE_W] 1615000 W slave HS s=3 last=0 data=0x57395911
[TRACE_W_FIFO] 1615000 W_FIFO_WR m=0 last=0 data=0xe12e8a66
[TRACE_W_FIFO] 1615000 W_FIFO_RD m=0 last=0 data=0x06588212
[TRACE_W_XBAR] 1615000 W_XBAR_M m=0 last=0 data=0x00000000
[TRACE_W_XBAR] 1615000 W_XBAR_S s=3 last=0 data=0x00000000
UVM_INFO ./uvm/axi_slave_agent.sv(112) @ 1625000: uvm_test_top.env.slv_ag3 [TRACE] S[3] SLV W beat 9 data=0xf22dbe35 last=0
[TRACE_XBAR_B] 1625000 M side m=0 m_bvalid=0 m_bready=1
[TRACE_W] 1625000 W pre-FIFO HS m=0 last=0 data=0xe12e8a66 strb=0xf
[TRACE_W] 1625000 W slave HS s=3 last=0 data=0xf22dbe35
[TRACE_W_FIFO] 1625000 W_FIFO_WR m=0 last=1 data=0x0798ab23
[TRACE_W_FIFO] 1625000 W_FIFO_RD m=0 last=0 data=0xe12e8a66
[TRACE_W_XBAR] 1625000 W_XBAR_M m=0 last=0 data=0x00000000
[TRACE_W_XBAR] 1625000 W_XBAR_S s=3 last=0 data=0x00000000
UVM_INFO ./uvm/axi_slave_agent.sv(112) @ 1635000: uvm_test_top.env.slv_ag3 [TRACE] S[3] SLV W beat 10 data=0x06588212 last=0
[TRACE_XBAR_B] 1635000 M side m=0 m_bvalid=0 m_bready=1
[TRACE_W] 1635000 W pre-FIFO HS m=0 last=1 data=0x0798ab23 strb=0xf
[TRACE_W] 1635000 W slave HS s=3 last=0 data=0x06588212
[TRACE_W_FIFO] 1635000 W_FIFO_RD m=0 last=1 data=0x0798ab23
[TRACE_W_XBAR] 1635000 W_XBAR_M m=0 last=1 data=0x00000001
[TRACE_W_XBAR] 1635000 W_XBAR_S s=3 last=0 data=0x00000000
UVM_INFO ./uvm/axi_slave_agent.sv(112) @ 1645000: uvm_test_top.env.slv_ag3 [TRACE] S[3] SLV W beat 11 data=0xe12e8a66 last=0
[TRACE_XBAR_B] 1645000 M side m=0 m_bvalid=0 m_bready=1
[TRACE_W] 1645000 W slave HS s=3 last=0 data=0xe12e8a66
[TRACE_W_XBAR] 1645000 W_XBAR_S s=3 last=1 data=0x00000000
UVM_INFO ./uvm/axi_slave_agent.sv(112) @ 1655000: uvm_test_top.env.slv_ag3 [TRACE] S[3] SLV W beat 12 data=0x0798ab23 last=1
[TRACE_XBAR_B] 1655000 M side m=0 m_bvalid=0 m_bready=1
[TRACE_W] 1655000 W slave HS s=3 last=1 data=0x0798ab23
[TRACE_XBAR_B] 1665000 M side m=0 m_bvalid=0 m_bready=1
[TRACE] 1665000 B  from slave s=3
[TRACE_XBAR_B] 1675000 M side m=0 m_bvalid=1 m_bready=1
[TRACE] 1675000 B post-FIFO out m=0 id=0x07
[TRACE] 1675000 B  to master m=0
[1685000] M[0] DRV B Handshake! BID=7 b_pending_size=1
UVM_INFO ./uvm/axi_driver.sv(190) @ 1685000: uvm_test_top.env.mst_ag0.drv_m0 [TRACE] M[0] DRV B resp=0 id=7
[TRACE] 1685000 B merge in m=0 id=0x07 resp=00
[TRACE] 1685000 B merge out m=0 id=0x07 resp=00
[TRACE_XBAR_B] 1685000 M side m=0 m_bvalid=0 m_bready=1
UVM_INFO ./uvm/axi_driver.sv(220) @ 1685000: uvm_test_top.env.mst_ag0.drv_m0 [TRACE] M[0] DRV AR start addr=0x00003fd4 len=4 id=15
[TRACE_XBAR_B] 1695000 M side m=0 m_bvalid=0 m_bready=1
[TRACE_XBAR_B] 1705000 M side m=0 m_bvalid=0 m_bready=1
[TRACE] 1705000 AR pre-FIFO vld m=0 vld=1 rdy=1
[TRACE] 1705000 AR pre-FIFO out m=0 addr=0x00003fd4
[TRACE] 1705000 AR pre-FIFO m=0 addr=0x00003fd4 len=4
UVM_INFO ./uvm/axi_slave_agent.sv(171) @ 1715000: uvm_test_top.env.slv_ag1 [TRACE] S[1] SLV AR handshake id=15 addr=0x00003fd4 len=4
[TRACE_XBAR_B] 1715000 M side m=0 m_bvalid=0 m_bready=1
[TRACE] 1715000 AR at slave s=1 addr=0x00003fd4
[TRACE] 1715000 AR pre-FIFO vld m=0 vld=0 rdy=0
[TRACE] 1715000 AR at slave s=1 addr=0x00003fd4 len=4
UVM_INFO ./uvm/axi_slave_agent.sv(204) @ 1715000: uvm_test_top.env.slv_ag1 [TRACE] S[1] SLV R MISS at addr=0x00003fd4
UVM_INFO ./uvm/axi_slave_agent.sv(204) @ 1725000: uvm_test_top.env.slv_ag1 [TRACE] S[1] SLV R MISS at addr=0x00003fd8
[TRACE_XBAR_B] 1725000 M side m=0 m_bvalid=0 m_bready=1
[TRACE] 1725000 R  from slave s=1
UVM_INFO ./uvm/axi_slave_agent.sv(204) @ 1735000: uvm_test_top.env.slv_ag1 [TRACE] S[1] SLV R MISS at addr=0x00003fdc
[TRACE_XBAR_B] 1735000 M side m=0 m_bvalid=0 m_bready=1
[TRACE] 1735000 R  to master m=0
[TRACE] 1735000 R  from slave s=1
UVM_INFO ./uvm/axi_slave_agent.sv(204) @ 1745000: uvm_test_top.env.slv_ag1 [TRACE] S[1] SLV R MISS at addr=0x00003fe0
[TRACE_XBAR_B] 1745000 M side m=0 m_bvalid=0 m_bready=1
[TRACE] 1745000 R  to master m=0
[TRACE] 1745000 R  from slave s=1
UVM_INFO ./uvm/axi_slave_agent.sv(204) @ 1755000: uvm_test_top.env.slv_ag1 [TRACE] S[1] SLV R MISS at addr=0x00003fe4
[TRACE_XBAR_B] 1755000 M side m=0 m_bvalid=0 m_bready=1
[TRACE] 1755000 R  to master m=0
[TRACE] 1755000 R  from slave s=1
[TRACE_XBAR_B] 1765000 M side m=0 m_bvalid=0 m_bready=1
[TRACE] 1765000 R  to master m=0
[TRACE] 1765000 R  from slave s=1
[TRACE_XBAR_B] 1775000 M side m=0 m_bvalid=0 m_bready=1
[TRACE] 1775000 R  to master m=0
[TRACE_XBAR_B] 1785000 M side m=0 m_bvalid=0 m_bready=1
UVM_INFO ./uvm/axi_driver.sv(220) @ 1785000: uvm_test_top.env.mst_ag0.drv_m0 [TRACE] M[0] DRV AR start addr=0x000020b4 len=5 id=8
[TRACE_XBAR_B] 1795000 M side m=0 m_bvalid=0 m_bready=1
[TRACE_XBAR_B] 1805000 M side m=0 m_bvalid=0 m_bready=1
[TRACE] 1805000 AR pre-FIFO vld m=0 vld=1 rdy=1
[TRACE] 1805000 AR pre-FIFO out m=0 addr=0x000020b4
[TRACE] 1805000 AR pre-FIFO m=0 addr=0x000020b4 len=5
UVM_INFO ./uvm/axi_slave_agent.sv(171) @ 1815000: uvm_test_top.env.slv_ag1 [TRACE] S[1] SLV AR handshake id=8 addr=0x000020b4 len=5
[TRACE_XBAR_B] 1815000 M side m=0 m_bvalid=0 m_bready=1
[TRACE] 1815000 AR at slave s=1 addr=0x000020b4
[TRACE] 1815000 AR pre-FIFO vld m=0 vld=0 rdy=0
[TRACE] 1815000 AR at slave s=1 addr=0x000020b4 len=5
UVM_INFO ./uvm/axi_slave_agent.sv(204) @ 1815000: uvm_test_top.env.slv_ag1 [TRACE] S[1] SLV R MISS at addr=0x000020b4
UVM_INFO ./uvm/axi_slave_agent.sv(204) @ 1825000: uvm_test_top.env.slv_ag1 [TRACE] S[1] SLV R MISS at addr=0x000020b8
[TRACE_XBAR_B] 1825000 M side m=0 m_bvalid=0 m_bready=1
[TRACE] 1825000 R  from slave s=1
UVM_INFO ./uvm/axi_slave_agent.sv(204) @ 1835000: uvm_test_top.env.slv_ag1 [TRACE] S[1] SLV R MISS at addr=0x000020bc
[TRACE_XBAR_B] 1835000 M side m=0 m_bvalid=0 m_bready=1
[TRACE] 1835000 R  to master m=0
[TRACE] 1835000 R  from slave s=1
UVM_INFO ./uvm/axi_slave_agent.sv(204) @ 1845000: uvm_test_top.env.slv_ag1 [TRACE] S[1] SLV R MISS at addr=0x000020c0
[TRACE_XBAR_B] 1845000 M side m=0 m_bvalid=0 m_bready=1
[TRACE] 1845000 R  to master m=0
[TRACE] 1845000 R  from slave s=1
UVM_INFO ./uvm/axi_slave_agent.sv(204) @ 1855000: uvm_test_top.env.slv_ag1 [TRACE] S[1] SLV R MISS at addr=0x000020c4
[TRACE_XBAR_B] 1855000 M side m=0 m_bvalid=0 m_bready=1
[TRACE] 1855000 R  to master m=0
[TRACE] 1855000 R  from slave s=1
UVM_INFO ./uvm/axi_slave_agent.sv(204) @ 1865000: uvm_test_top.env.slv_ag1 [TRACE] S[1] SLV R MISS at addr=0x000020c8
[TRACE_XBAR_B] 1865000 M side m=0 m_bvalid=0 m_bready=1
[TRACE] 1865000 R  to master m=0
[TRACE] 1865000 R  from slave s=1
[TRACE_XBAR_B] 1875000 M side m=0 m_bvalid=0 m_bready=1
[TRACE] 1875000 R  to master m=0
[TRACE] 1875000 R  from slave s=1
[TRACE_XBAR_B] 1885000 M side m=0 m_bvalid=0 m_bready=1
[TRACE] 1885000 R  to master m=0
[TRACE_XBAR_B] 1895000 M side m=0 m_bvalid=0 m_bready=1
UVM_INFO ./uvm/axi_driver.sv(220) @ 1895000: uvm_test_top.env.mst_ag0.drv_m0 [TRACE] M[0] DRV AR start addr=0x00000d3c len=4 id=13
[TRACE_XBAR_B] 1905000 M side m=0 m_bvalid=0 m_bready=1
[TRACE_XBAR_B] 1915000 M side m=0 m_bvalid=0 m_bready=1
[TRACE] 1915000 AR pre-FIFO vld m=0 vld=1 rdy=1
[TRACE] 1915000 AR pre-FIFO out m=0 addr=0x00000d3c
[TRACE] 1915000 AR pre-FIFO m=0 addr=0x00000d3c len=4
UVM_INFO ./uvm/axi_slave_agent.sv(171) @ 1925000: uvm_test_top.env.slv_ag0 [TRACE] S[0] SLV AR handshake id=13 addr=0x00000d3c len=4
[TRACE_XBAR_B] 1925000 M side m=0 m_bvalid=0 m_bready=1
[TRACE] 1925000 AR at slave s=0 addr=0x00000d3c
[TRACE] 1925000 AR pre-FIFO vld m=0 vld=0 rdy=0
[TRACE] 1925000 AR at slave s=0 addr=0x00000d3c len=4
UVM_INFO ./uvm/axi_slave_agent.sv(204) @ 1925000: uvm_test_top.env.slv_ag0 [TRACE] S[0] SLV R MISS at addr=0x00000d3c
UVM_INFO ./uvm/axi_slave_agent.sv(204) @ 1935000: uvm_test_top.env.slv_ag0 [TRACE] S[0] SLV R MISS at addr=0x00000d40
[TRACE_XBAR_B] 1935000 M side m=0 m_bvalid=0 m_bready=1
[TRACE] 1935000 R  from slave s=0
UVM_INFO ./uvm/axi_slave_agent.sv(204) @ 1945000: uvm_test_top.env.slv_ag0 [TRACE] S[0] SLV R MISS at addr=0x00000d44
[TRACE_XBAR_B] 1945000 M side m=0 m_bvalid=0 m_bready=1
[TRACE] 1945000 R  to master m=0
[TRACE] 1945000 R  from slave s=0
UVM_INFO ./uvm/axi_slave_agent.sv(204) @ 1955000: uvm_test_top.env.slv_ag0 [TRACE] S[0] SLV R MISS at addr=0x00000d48
[TRACE_XBAR_B] 1955000 M side m=0 m_bvalid=0 m_bready=1
[TRACE] 1955000 R  to master m=0
[TRACE] 1955000 R  from slave s=0
UVM_INFO ./uvm/axi_slave_agent.sv(204) @ 1965000: uvm_test_top.env.slv_ag0 [TRACE] S[0] SLV R MISS at addr=0x00000d4c
[TRACE_XBAR_B] 1965000 M side m=0 m_bvalid=0 m_bready=1
[TRACE] 1965000 R  to master m=0
[TRACE] 1965000 R  from slave s=0
[TRACE_XBAR_B] 1975000 M side m=0 m_bvalid=0 m_bready=1
[TRACE] 1975000 R  to master m=0
[TRACE] 1975000 R  from slave s=0
[TRACE_XBAR_B] 1985000 M side m=0 m_bvalid=0 m_bready=1
[TRACE] 1985000 R  to master m=0
[TRACE_XBAR_B] 1995000 M side m=0 m_bvalid=0 m_bready=1
UVM_INFO ./uvm/axi_driver.sv(126) @ 1995000: uvm_test_top.env.mst_ag0.drv_m0 [TRACE] M[0] DRV AW start addr=0x00000e8c id=1
[TRACE_XBAR_B] 2005000 M side m=0 m_bvalid=0 m_bready=1
[TRACE_W_FIFO] 2005000 W_FIFO_WR m=0 last=0 data=0x33d50711
[TRACE_XBAR_B] 2015000 M side m=0 m_bvalid=0 m_bready=1
[TRACE] 2015000 AW pre-FIFO m=0 addr=0x00000e8c len=2
[TRACE_W] 2015000 W pre-FIFO HS m=0 last=0 data=0x33d50711 strb=0xf
[TRACE_W_FIFO] 2015000 W_FIFO_WR m=0 last=0 data=0xd8f385c6
[TRACE_W_FIFO] 2015000 W_FIFO_RD m=0 last=0 data=0x33d50711
[TRACE_W_XBAR] 2015000 W_XBAR_M m=0 last=0 data=0x00000001
UVM_INFO ./uvm/axi_slave_agent.sv(84) @ 2025000: uvm_test_top.env.slv_ag0 [TRACE] S[0] SLV AW handshake id=1 addr=0x00000e8c len=2
[TRACE_XBAR_B] 2025000 M side m=0 m_bvalid=0 m_bready=1
[TRACE_W] 2025000 W pre-FIFO HS m=0 last=0 data=0xd8f385c6 strb=0xf
[TRACE] 2025000 AW at slave s=0 addr=0x00000e8c len=2
[TRACE_W_FIFO] 2025000 W_FIFO_WR m=0 last=1 data=0xa5ef36a2
[TRACE_W_FIFO] 2025000 W_FIFO_RD m=0 last=0 data=0xd8f385c6
[TRACE_W_XBAR] 2025000 W_XBAR_M m=0 last=0 data=0x00000000
[TRACE_W_XBAR] 2025000 W_XBAR_S s=0 last=0 data=0x00000001
UVM_INFO ./uvm/axi_slave_agent.sv(112) @ 2035000: uvm_test_top.env.slv_ag0 [TRACE] S[0] SLV W beat 0 data=0x33d50711 last=0
[TRACE_XBAR_B] 2035000 M side m=0 m_bvalid=0 m_bready=1
[TRACE_W] 2035000 W pre-FIFO HS m=0 last=1 data=0xa5ef36a2 strb=0xf
[TRACE_W] 2035000 W slave HS s=0 last=0 data=0x33d50711
[TRACE_W_FIFO] 2035000 W_FIFO_RD m=0 last=1 data=0xa5ef36a2
[TRACE_W_XBAR] 2035000 W_XBAR_M m=0 last=1 data=0x00000000
[TRACE_W_XBAR] 2035000 W_XBAR_S s=0 last=0 data=0x00000000
UVM_INFO ./uvm/axi_slave_agent.sv(112) @ 2045000: uvm_test_top.env.slv_ag0 [TRACE] S[0] SLV W beat 1 data=0xd8f385c6 last=0
[TRACE_XBAR_B] 2045000 M side m=0 m_bvalid=0 m_bready=1
[TRACE_W] 2045000 W slave HS s=0 last=0 data=0xd8f385c6
[TRACE_W_XBAR] 2045000 W_XBAR_S s=0 last=1 data=0x00000000
UVM_INFO ./uvm/axi_slave_agent.sv(112) @ 2055000: uvm_test_top.env.slv_ag0 [TRACE] S[0] SLV W beat 2 data=0xa5ef36a2 last=1
[TRACE_XBAR_B] 2055000 M side m=0 m_bvalid=0 m_bready=1
[TRACE_W] 2055000 W slave HS s=0 last=1 data=0xa5ef36a2
[TRACE_XBAR_B] 2065000 M side m=0 m_bvalid=0 m_bready=1
[TRACE] 2065000 B slave handshake s=0 id=0x01
[TRACE] 2065000 B  from slave s=0
[TRACE_XBAR_B] 2075000 S side s=0 s_bvalid=1 s_bready=1
[TRACE_XBAR_B] 2075000 M side m=0 m_bvalid=1 m_bready=1
[TRACE] 2075000 B pre-FIFO out s=0 id=0x01
[TRACE] 2075000 B post-FIFO out m=0 id=0x01
[TRACE] 2075000 B  to master m=0
[2085000] M[0] DRV B Handshake! BID=1 b_pending_size=1
UVM_INFO ./uvm/axi_driver.sv(190) @ 2085000: uvm_test_top.env.mst_ag0.drv_m0 [TRACE] M[0] DRV B resp=0 id=1
[TRACE] 2085000 B merge in m=0 id=0x01 resp=00
[TRACE] 2085000 B merge out m=0 id=0x01 resp=00
[TRACE_XBAR_B] 2085000 M side m=0 m_bvalid=0 m_bready=1
UVM_INFO ./uvm/axi_driver.sv(220) @ 2085000: uvm_test_top.env.mst_ag1.drv_m1 [TRACE] M[1] DRV AR start addr=0x00006904 len=3 id=7
[TRACE_XBAR_B] 2095000 M side m=0 m_bvalid=0 m_bready=1
[TRACE_XBAR_B] 2105000 M side m=0 m_bvalid=0 m_bready=1
[TRACE] 2105000 AR pre-FIFO vld m=1 vld=1 rdy=1
[TRACE] 2105000 AR pre-FIFO out m=1 addr=0x00006904
[TRACE] 2105000 AR pre-FIFO m=1 addr=0x00006904 len=3
UVM_INFO ./uvm/axi_slave_agent.sv(171) @ 2115000: uvm_test_top.env.slv_ag3 [TRACE] S[3] SLV AR handshake id=71 addr=0x00006904 len=3
[TRACE_XBAR_B] 2115000 M side m=0 m_bvalid=0 m_bready=1
[TRACE] 2115000 AR at slave s=3 addr=0x00006904
[TRACE] 2115000 AR pre-FIFO vld m=1 vld=0 rdy=0
[TRACE] 2115000 AR at slave s=3 addr=0x00006904 len=3
UVM_INFO ./uvm/axi_slave_agent.sv(204) @ 2115000: uvm_test_top.env.slv_ag3 [TRACE] S[3] SLV R MISS at addr=0x00006904
UVM_INFO ./uvm/axi_slave_agent.sv(204) @ 2125000: uvm_test_top.env.slv_ag3 [TRACE] S[3] SLV R MISS at addr=0x00006908
[TRACE_XBAR_B] 2125000 M side m=0 m_bvalid=0 m_bready=1
[TRACE] 2125000 R  from slave s=3
UVM_INFO ./uvm/axi_slave_agent.sv(204) @ 2135000: uvm_test_top.env.slv_ag3 [TRACE] S[3] SLV R MISS at addr=0x0000690c
[TRACE_XBAR_B] 2135000 M side m=0 m_bvalid=0 m_bready=1
[TRACE] 2135000 R  to master m=1
[TRACE] 2135000 R  from slave s=3
UVM_INFO ./uvm/axi_slave_agent.sv(204) @ 2145000: uvm_test_top.env.slv_ag3 [TRACE] S[3] SLV R MISS at addr=0x00006910
[TRACE_XBAR_B] 2145000 M side m=0 m_bvalid=0 m_bready=1
[TRACE] 2145000 R  to master m=1
[TRACE] 2145000 R  from slave s=3
[TRACE_XBAR_B] 2155000 M side m=0 m_bvalid=0 m_bready=1
[TRACE] 2155000 R  to master m=1
[TRACE] 2155000 R  from slave s=3
[TRACE_XBAR_B] 2165000 M side m=0 m_bvalid=0 m_bready=1
[TRACE] 2165000 R  to master m=1
[TRACE_XBAR_B] 2175000 M side m=0 m_bvalid=0 m_bready=1
UVM_INFO ./uvm/axi_driver.sv(126) @ 2175000: uvm_test_top.env.mst_ag1.drv_m1 [TRACE] M[1] DRV AW start addr=0x0000327c id=13
[TRACE_XBAR_B] 2185000 M side m=0 m_bvalid=0 m_bready=1
[TRACE_W_FIFO] 2185000 W_FIFO_WR m=1 last=1 data=0xff5d2fb0
[TRACE_XBAR_B] 2195000 M side m=0 m_bvalid=0 m_bready=1
[TRACE] 2195000 AW pre-FIFO m=1 addr=0x0000327c len=0
[TRACE_W] 2195000 W pre-FIFO HS m=1 last=1 data=0xff5d2fb0 strb=0xf
[TRACE_W_FIFO] 2195000 W_FIFO_RD m=1 last=1 data=0xff5d2fb0
[TRACE_W_XBAR] 2195000 W_XBAR_M m=1 last=1 data=0x00000000
UVM_INFO ./uvm/axi_slave_agent.sv(84) @ 2205000: uvm_test_top.env.slv_ag1 [TRACE] S[1] SLV AW handshake id=77 addr=0x0000327c len=0
[TRACE_XBAR_B] 2205000 M side m=0 m_bvalid=0 m_bready=1
[TRACE] 2205000 AW at slave s=1 addr=0x0000327c len=0
[TRACE_W_XBAR] 2205000 W_XBAR_S s=1 last=1 data=0x00000000
UVM_INFO ./uvm/axi_slave_agent.sv(112) @ 2215000: uvm_test_top.env.slv_ag1 [TRACE] S[1] SLV W beat 0 data=0xff5d2fb0 last=1
[TRACE_XBAR_B] 2215000 M side m=0 m_bvalid=0 m_bready=1
[TRACE_W] 2215000 W slave HS s=1 last=1 data=0xff5d2fb0
[TRACE_XBAR_B] 2225000 M side m=0 m_bvalid=0 m_bready=1
[TRACE] 2225000 B  from slave s=1
[TRACE_XBAR_B] 2235000 M side m=0 m_bvalid=0 m_bready=1
[TRACE] 2235000 B  to master m=1
[2245000] M[1] DRV B Handshake! BID=13 b_pending_size=1
UVM_INFO ./uvm/axi_driver.sv(190) @ 2245000: uvm_test_top.env.mst_ag1.drv_m1 [TRACE] M[1] DRV B resp=0 id=13
[TRACE_XBAR_B] 2245000 M side m=0 m_bvalid=0 m_bready=1
UVM_INFO ./uvm/axi_driver.sv(126) @ 2245000: uvm_test_top.env.mst_ag1.drv_m1 [TRACE] M[1] DRV AW start addr=0x00001498 id=0
[TRACE_XBAR_B] 2255000 M side m=0 m_bvalid=0 m_bready=1
[TRACE_W_FIFO] 2255000 W_FIFO_WR m=1 last=0 data=0x80ad1f42
[TRACE_XBAR_B] 2265000 M side m=0 m_bvalid=0 m_bready=1
[TRACE] 2265000 AW pre-FIFO m=1 addr=0x00001498 len=2
[TRACE_W] 2265000 W pre-FIFO HS m=1 last=0 data=0x80ad1f42 strb=0xf
[TRACE_W_FIFO] 2265000 W_FIFO_WR m=1 last=0 data=0x55386df8
[TRACE_W_FIFO] 2265000 W_FIFO_RD m=1 last=0 data=0x80ad1f42
[TRACE_W_XBAR] 2265000 W_XBAR_M m=1 last=0 data=0x00000000
UVM_INFO ./uvm/axi_slave_agent.sv(84) @ 2275000: uvm_test_top.env.slv_ag0 [TRACE] S[0] SLV AW handshake id=64 addr=0x00001498 len=2
[TRACE_XBAR_B] 2275000 M side m=0 m_bvalid=0 m_bready=1
[TRACE_W] 2275000 W pre-FIFO HS m=1 last=0 data=0x55386df8 strb=0xf
[TRACE] 2275000 AW at slave s=0 addr=0x00001498 len=2
[TRACE_W_FIFO] 2275000 W_FIFO_WR m=1 last=1 data=0x89c0caa5
[TRACE_W_FIFO] 2275000 W_FIFO_RD m=1 last=0 data=0x55386df8
[TRACE_W_XBAR] 2275000 W_XBAR_M m=1 last=0 data=0x00000000
[TRACE_W_XBAR] 2275000 W_XBAR_S s=0 last=0 data=0x00000000
UVM_INFO ./uvm/axi_slave_agent.sv(112) @ 2285000: uvm_test_top.env.slv_ag0 [TRACE] S[0] SLV W beat 0 data=0x80ad1f42 last=0
[TRACE_XBAR_B] 2285000 M side m=0 m_bvalid=0 m_bready=1
[TRACE_W] 2285000 W pre-FIFO HS m=1 last=1 data=0x89c0caa5 strb=0xf
[TRACE_W] 2285000 W slave HS s=0 last=0 data=0x80ad1f42
[TRACE_W_FIFO] 2285000 W_FIFO_RD m=1 last=1 data=0x89c0caa5
[TRACE_W_XBAR] 2285000 W_XBAR_M m=1 last=1 data=0x00000000
[TRACE_W_XBAR] 2285000 W_XBAR_S s=0 last=0 data=0x00000000
UVM_INFO ./uvm/axi_slave_agent.sv(112) @ 2295000: uvm_test_top.env.slv_ag0 [TRACE] S[0] SLV W beat 1 data=0x55386df8 last=0
[TRACE_XBAR_B] 2295000 M side m=0 m_bvalid=0 m_bready=1
[TRACE_W] 2295000 W slave HS s=0 last=0 data=0x55386df8
[TRACE_W_XBAR] 2295000 W_XBAR_S s=0 last=1 data=0x00000001
UVM_INFO ./uvm/axi_slave_agent.sv(112) @ 2305000: uvm_test_top.env.slv_ag0 [TRACE] S[0] SLV W beat 2 data=0x89c0caa5 last=1
[TRACE_XBAR_B] 2305000 M side m=0 m_bvalid=0 m_bready=1
[TRACE_W] 2305000 W slave HS s=0 last=1 data=0x89c0caa5
[TRACE_XBAR_B] 2315000 M side m=0 m_bvalid=0 m_bready=1
[TRACE] 2315000 B slave handshake s=0 id=0x40
[TRACE] 2315000 B  from slave s=0
[TRACE_XBAR_B] 2325000 S side s=0 s_bvalid=1 s_bready=1
[TRACE_XBAR_B] 2325000 M side m=0 m_bvalid=0 m_bready=1
[TRACE] 2325000 B pre-FIFO out s=0 id=0x40
[TRACE] 2325000 B  to master m=1
[2335000] M[1] DRV B Handshake! BID=0 b_pending_size=1
UVM_INFO ./uvm/axi_driver.sv(190) @ 2335000: uvm_test_top.env.mst_ag1.drv_m1 [TRACE] M[1] DRV B resp=0 id=0
[TRACE_XBAR_B] 2335000 M side m=0 m_bvalid=0 m_bready=1
UVM_INFO ./uvm/axi_driver.sv(126) @ 2335000: uvm_test_top.env.mst_ag1.drv_m1 [TRACE] M[1] DRV AW start addr=0x00005be0 id=11
[TRACE_XBAR_B] 2345000 M side m=0 m_bvalid=0 m_bready=1
[TRACE_W_FIFO] 2345000 W_FIFO_WR m=1 last=0 data=0x81cee596
[TRACE_XBAR_B] 2355000 M side m=0 m_bvalid=0 m_bready=1
[TRACE] 2355000 AW pre-FIFO m=1 addr=0x00005be0 len=8
[TRACE_W] 2355000 W pre-FIFO HS m=1 last=0 data=0x81cee596 strb=0xf
[TRACE_W_FIFO] 2355000 W_FIFO_WR m=1 last=0 data=0xbd56737f
[TRACE_W_FIFO] 2355000 W_FIFO_RD m=1 last=0 data=0x81cee596
[TRACE_W_XBAR] 2355000 W_XBAR_M m=1 last=0 data=0x00000000
UVM_INFO ./uvm/axi_slave_agent.sv(84) @ 2365000: uvm_test_top.env.slv_ag2 [TRACE] S[2] SLV AW handshake id=75 addr=0x00005be0 len=8
[TRACE_XBAR_B] 2365000 M side m=0 m_bvalid=0 m_bready=1
[TRACE_W] 2365000 W pre-FIFO HS m=1 last=0 data=0xbd56737f strb=0xf
[TRACE] 2365000 AW at slave s=2 addr=0x00005be0 len=8
[TRACE_W_FIFO] 2365000 W_FIFO_WR m=1 last=0 data=0x9ae7f589
[TRACE_W_FIFO] 2365000 W_FIFO_RD m=1 last=0 data=0xbd56737f
[TRACE_W_XBAR] 2365000 W_XBAR_M m=1 last=0 data=0x00000000
[TRACE_W_XBAR] 2365000 W_XBAR_S s=2 last=0 data=0x00000000
UVM_INFO ./uvm/axi_slave_agent.sv(112) @ 2375000: uvm_test_top.env.slv_ag2 [TRACE] S[2] SLV W beat 0 data=0x81cee596 last=0
[TRACE_XBAR_B] 2375000 M side m=0 m_bvalid=0 m_bready=1
[TRACE_W] 2375000 W pre-FIFO HS m=1 last=0 data=0x9ae7f589 strb=0xf
[TRACE_W] 2375000 W slave HS s=2 last=0 data=0x81cee596
[TRACE_W_FIFO] 2375000 W_FIFO_WR m=1 last=0 data=0xb70c93c7
[TRACE_W_FIFO] 2375000 W_FIFO_RD m=1 last=0 data=0x9ae7f589
[TRACE_W_XBAR] 2375000 W_XBAR_M m=1 last=0 data=0x00000000
[TRACE_W_XBAR] 2375000 W_XBAR_S s=2 last=0 data=0x00000000
UVM_INFO ./uvm/axi_slave_agent.sv(112) @ 2385000: uvm_test_top.env.slv_ag2 [TRACE] S[2] SLV W beat 1 data=0xbd56737f last=0
[TRACE_XBAR_B] 2385000 M side m=0 m_bvalid=0 m_bready=1
[TRACE_W] 2385000 W pre-FIFO HS m=1 last=0 data=0xb70c93c7 strb=0xf
[TRACE_W] 2385000 W slave HS s=2 last=0 data=0xbd56737f
[TRACE_W_FIFO] 2385000 W_FIFO_WR m=1 last=0 data=0x462bddb4
[TRACE_W_FIFO] 2385000 W_FIFO_RD m=1 last=0 data=0xb70c93c7
[TRACE_W_XBAR] 2385000 W_XBAR_M m=1 last=0 data=0x00000000
[TRACE_W_XBAR] 2385000 W_XBAR_S s=2 last=0 data=0x00000000
UVM_INFO ./uvm/axi_slave_agent.sv(112) @ 2395000: uvm_test_top.env.slv_ag2 [TRACE] S[2] SLV W beat 2 data=0x9ae7f589 last=0
[TRACE_XBAR_B] 2395000 M side m=0 m_bvalid=0 m_bready=1
[TRACE_W] 2395000 W pre-FIFO HS m=1 last=0 data=0x462bddb4 strb=0xf
[TRACE_W] 2395000 W slave HS s=2 last=0 data=0x9ae7f589
[TRACE_W_FIFO] 2395000 W_FIFO_WR m=1 last=0 data=0xb08aac74
[TRACE_W_FIFO] 2395000 W_FIFO_RD m=1 last=0 data=0x462bddb4
[TRACE_W_XBAR] 2395000 W_XBAR_M m=1 last=0 data=0x00000000
[TRACE_W_XBAR] 2395000 W_XBAR_S s=2 last=0 data=0x00000000
UVM_INFO ./uvm/axi_slave_agent.sv(112) @ 2405000: uvm_test_top.env.slv_ag2 [TRACE] S[2] SLV W beat 3 data=0xb70c93c7 last=0
[TRACE_XBAR_B] 2405000 M side m=0 m_bvalid=0 m_bready=1
[TRACE_W] 2405000 W pre-FIFO HS m=1 last=0 data=0xb08aac74 strb=0xf
[TRACE_W] 2405000 W slave HS s=2 last=0 data=0xb70c93c7
[TRACE_W_FIFO] 2405000 W_FIFO_WR m=1 last=0 data=0x45dada81
[TRACE_W_FIFO] 2405000 W_FIFO_RD m=1 last=0 data=0xb08aac74
[TRACE_W_XBAR] 2405000 W_XBAR_M m=1 last=0 data=0x00000000
[TRACE_W_XBAR] 2405000 W_XBAR_S s=2 last=0 data=0x00000000
UVM_INFO ./uvm/axi_slave_agent.sv(112) @ 2415000: uvm_test_top.env.slv_ag2 [TRACE] S[2] SLV W beat 4 data=0x462bddb4 last=0
[TRACE_XBAR_B] 2415000 M side m=0 m_bvalid=0 m_bready=1
[TRACE_W] 2415000 W pre-FIFO HS m=1 last=0 data=0x45dada81 strb=0xf
[TRACE_W] 2415000 W slave HS s=2 last=0 data=0x462bddb4
[TRACE_W_FIFO] 2415000 W_FIFO_WR m=1 last=0 data=0x008c992d
[TRACE_W_FIFO] 2415000 W_FIFO_RD m=1 last=0 data=0x45dada81
[TRACE_W_XBAR] 2415000 W_XBAR_M m=1 last=0 data=0x00000000
[TRACE_W_XBAR] 2415000 W_XBAR_S s=2 last=0 data=0x00000000
UVM_INFO ./uvm/axi_slave_agent.sv(112) @ 2425000: uvm_test_top.env.slv_ag2 [TRACE] S[2] SLV W beat 5 data=0xb08aac74 last=0
[TRACE_XBAR_B] 2425000 M side m=0 m_bvalid=0 m_bready=1
[TRACE_W] 2425000 W pre-FIFO HS m=1 last=0 data=0x008c992d strb=0xf
[TRACE_W] 2425000 W slave HS s=2 last=0 data=0xb08aac74
[TRACE_W_FIFO] 2425000 W_FIFO_WR m=1 last=1 data=0x9c6d30a4
[TRACE_W_FIFO] 2425000 W_FIFO_RD m=1 last=0 data=0x008c992d
[TRACE_W_XBAR] 2425000 W_XBAR_M m=1 last=0 data=0x00000000
[TRACE_W_XBAR] 2425000 W_XBAR_S s=2 last=0 data=0x00000000
UVM_INFO ./uvm/axi_slave_agent.sv(112) @ 2435000: uvm_test_top.env.slv_ag2 [TRACE] S[2] SLV W beat 6 data=0x45dada81 last=0
[TRACE_XBAR_B] 2435000 M side m=0 m_bvalid=0 m_bready=1
[TRACE_W] 2435000 W pre-FIFO HS m=1 last=1 data=0x9c6d30a4 strb=0xf
[TRACE_W] 2435000 W slave HS s=2 last=0 data=0x45dada81
[TRACE_W_FIFO] 2435000 W_FIFO_RD m=1 last=1 data=0x9c6d30a4
[TRACE_W_XBAR] 2435000 W_XBAR_M m=1 last=1 data=0x00000000
[TRACE_W_XBAR] 2435000 W_XBAR_S s=2 last=0 data=0x00000000
UVM_INFO ./uvm/axi_slave_agent.sv(112) @ 2445000: uvm_test_top.env.slv_ag2 [TRACE] S[2] SLV W beat 7 data=0x008c992d last=0
[TRACE_XBAR_B] 2445000 M side m=0 m_bvalid=0 m_bready=1
[TRACE_W] 2445000 W slave HS s=2 last=0 data=0x008c992d
[TRACE_W_XBAR] 2445000 W_XBAR_S s=2 last=1 data=0x00000000
UVM_INFO ./uvm/axi_slave_agent.sv(112) @ 2455000: uvm_test_top.env.slv_ag2 [TRACE] S[2] SLV W beat 8 data=0x9c6d30a4 last=1
[TRACE_XBAR_B] 2455000 M side m=0 m_bvalid=0 m_bready=1
[TRACE_W] 2455000 W slave HS s=2 last=1 data=0x9c6d30a4
[TRACE_XBAR_B] 2465000 M side m=0 m_bvalid=0 m_bready=1
[TRACE] 2465000 B  from slave s=2
[TRACE_XBAR_B] 2475000 M side m=0 m_bvalid=0 m_bready=1
[TRACE] 2475000 B  to master m=1
[2485000] M[1] DRV B Handshake! BID=11 b_pending_size=1
UVM_INFO ./uvm/axi_driver.sv(190) @ 2485000: uvm_test_top.env.mst_ag1.drv_m1 [TRACE] M[1] DRV B resp=0 id=11
[TRACE_XBAR_B] 2485000 M side m=0 m_bvalid=0 m_bready=1
UVM_INFO ./uvm/axi_driver.sv(126) @ 2485000: uvm_test_top.env.mst_ag1.drv_m1 [TRACE] M[1] DRV AW start addr=0x00001670 id=13
[TRACE_XBAR_B] 2495000 M side m=0 m_bvalid=0 m_bready=1
[TRACE_W_FIFO] 2495000 W_FIFO_WR m=1 last=1 data=0x9c4b63b7
[TRACE_XBAR_B] 2505000 M side m=0 m_bvalid=0 m_bready=1
[TRACE] 2505000 AW pre-FIFO m=1 addr=0x00001670 len=0
[TRACE_W] 2505000 W pre-FIFO HS m=1 last=1 data=0x9c4b63b7 strb=0xf
[TRACE_W_FIFO] 2505000 W_FIFO_RD m=1 last=1 data=0x9c4b63b7
[TRACE_W_XBAR] 2505000 W_XBAR_M m=1 last=1 data=0x00000000
UVM_INFO ./uvm/axi_slave_agent.sv(84) @ 2515000: uvm_test_top.env.slv_ag0 [TRACE] S[0] SLV AW handshake id=77 addr=0x00001670 len=0
[TRACE_XBAR_B] 2515000 M side m=0 m_bvalid=0 m_bready=1
[TRACE] 2515000 AW at slave s=0 addr=0x00001670 len=0
[TRACE_W_XBAR] 2515000 W_XBAR_S s=0 last=1 data=0x00000001
UVM_INFO ./uvm/axi_slave_agent.sv(112) @ 2525000: uvm_test_top.env.slv_ag0 [TRACE] S[0] SLV W beat 0 data=0x9c4b63b7 last=1
[TRACE_XBAR_B] 2525000 M side m=0 m_bvalid=0 m_bready=1
[TRACE_W] 2525000 W slave HS s=0 last=1 data=0x9c4b63b7
[TRACE_XBAR_B] 2535000 M side m=0 m_bvalid=0 m_bready=1
[TRACE] 2535000 B slave handshake s=0 id=0x4d
[TRACE] 2535000 B  from slave s=0
[TRACE_XBAR_B] 2545000 S side s=0 s_bvalid=1 s_bready=1
[TRACE_XBAR_B] 2545000 M side m=0 m_bvalid=0 m_bready=1
[TRACE] 2545000 B pre-FIFO out s=0 id=0x4d
[TRACE] 2545000 B  to master m=1
[2555000] M[1] DRV B Handshake! BID=13 b_pending_size=1
UVM_INFO ./uvm/axi_driver.sv(190) @ 2555000: uvm_test_top.env.mst_ag1.drv_m1 [TRACE] M[1] DRV B resp=0 id=13
[TRACE_XBAR_B] 2555000 M side m=0 m_bvalid=0 m_bready=1
UVM_INFO ./uvm/axi_driver.sv(126) @ 2555000: uvm_test_top.env.mst_ag1.drv_m1 [TRACE] M[1] DRV AW start addr=0x00001c7c id=9
[TRACE_XBAR_B] 2565000 M side m=0 m_bvalid=0 m_bready=1
[TRACE_W_FIFO] 2565000 W_FIFO_WR m=1 last=0 data=0xec9caf19
[TRACE_XBAR_B] 2575000 M side m=0 m_bvalid=0 m_bready=1
[TRACE] 2575000 AW pre-FIFO m=1 addr=0x00001c7c len=7
[TRACE_W] 2575000 W pre-FIFO HS m=1 last=0 data=0xec9caf19 strb=0xf
[TRACE_W_FIFO] 2575000 W_FIFO_WR m=1 last=0 data=0xddadd782
[TRACE_W_FIFO] 2575000 W_FIFO_RD m=1 last=0 data=0xec9caf19
[TRACE_W_XBAR] 2575000 W_XBAR_M m=1 last=0 data=0x00000000
UVM_INFO ./uvm/axi_slave_agent.sv(84) @ 2585000: uvm_test_top.env.slv_ag0 [TRACE] S[0] SLV AW handshake id=73 addr=0x00001c7c len=7
[TRACE_XBAR_B] 2585000 M side m=0 m_bvalid=0 m_bready=1
[TRACE_W] 2585000 W pre-FIFO HS m=1 last=0 data=0xddadd782 strb=0xf
[TRACE] 2585000 AW at slave s=0 addr=0x00001c7c len=7
[TRACE_W_FIFO] 2585000 W_FIFO_WR m=1 last=0 data=0xc843f914
[TRACE_W_FIFO] 2585000 W_FIFO_RD m=1 last=0 data=0xddadd782
[TRACE_W_XBAR] 2585000 W_XBAR_M m=1 last=0 data=0x00000000
[TRACE_W_XBAR] 2585000 W_XBAR_S s=0 last=0 data=0x00000001
UVM_INFO ./uvm/axi_slave_agent.sv(112) @ 2595000: uvm_test_top.env.slv_ag0 [TRACE] S[0] SLV W beat 0 data=0xec9caf19 last=0
[TRACE_XBAR_B] 2595000 M side m=0 m_bvalid=0 m_bready=1
[TRACE_W] 2595000 W pre-FIFO HS m=1 last=0 data=0xc843f914 strb=0xf
[TRACE_W] 2595000 W slave HS s=0 last=0 data=0xec9caf19
[TRACE_W_FIFO] 2595000 W_FIFO_WR m=1 last=0 data=0x7ce03eea
[TRACE_W_FIFO] 2595000 W_FIFO_RD m=1 last=0 data=0xc843f914
[TRACE_W_XBAR] 2595000 W_XBAR_M m=1 last=0 data=0x00000000
[TRACE_W_XBAR] 2595000 W_XBAR_S s=0 last=0 data=0x00000000
UVM_INFO ./uvm/axi_slave_agent.sv(112) @ 2605000: uvm_test_top.env.slv_ag0 [TRACE] S[0] SLV W beat 1 data=0xddadd782 last=0
[TRACE_XBAR_B] 2605000 M side m=0 m_bvalid=0 m_bready=1
[TRACE_W] 2605000 W pre-FIFO HS m=1 last=0 data=0x7ce03eea strb=0xf
[TRACE_W] 2605000 W slave HS s=0 last=0 data=0xddadd782
[TRACE_W_FIFO] 2605000 W_FIFO_WR m=1 last=0 data=0xf40bc7a4
[TRACE_W_FIFO] 2605000 W_FIFO_RD m=1 last=0 data=0x7ce03eea
[TRACE_W_XBAR] 2605000 W_XBAR_M m=1 last=0 data=0x00000000
[TRACE_W_XBAR] 2605000 W_XBAR_S s=0 last=0 data=0x00000000
UVM_INFO ./uvm/axi_slave_agent.sv(112) @ 2615000: uvm_test_top.env.slv_ag0 [TRACE] S[0] SLV W beat 2 data=0xc843f914 last=0
[TRACE_XBAR_B] 2615000 M side m=0 m_bvalid=0 m_bready=1
[TRACE_W] 2615000 W pre-FIFO HS m=1 last=0 data=0xf40bc7a4 strb=0xf
[TRACE_W] 2615000 W slave HS s=0 last=0 data=0xc843f914
[TRACE_W_FIFO] 2615000 W_FIFO_WR m=1 last=0 data=0x68d4d21e
[TRACE_W_FIFO] 2615000 W_FIFO_RD m=1 last=0 data=0xf40bc7a4
[TRACE_W_XBAR] 2615000 W_XBAR_M m=1 last=0 data=0x00000000
[TRACE_W_XBAR] 2615000 W_XBAR_S s=0 last=0 data=0x00000000
UVM_INFO ./uvm/axi_slave_agent.sv(112) @ 2625000: uvm_test_top.env.slv_ag0 [TRACE] S[0] SLV W beat 3 data=0x7ce03eea last=0
[TRACE_XBAR_B] 2625000 M side m=0 m_bvalid=0 m_bready=1
[TRACE_W] 2625000 W pre-FIFO HS m=1 last=0 data=0x68d4d21e strb=0xf
[TRACE_W] 2625000 W slave HS s=0 last=0 data=0x7ce03eea
[TRACE_W_FIFO] 2625000 W_FIFO_WR m=1 last=0 data=0xded74c0f
[TRACE_W_FIFO] 2625000 W_FIFO_RD m=1 last=0 data=0x68d4d21e
[TRACE_W_XBAR] 2625000 W_XBAR_M m=1 last=0 data=0x00000000
[TRACE_W_XBAR] 2625000 W_XBAR_S s=0 last=0 data=0x00000000
UVM_INFO ./uvm/axi_slave_agent.sv(112) @ 2635000: uvm_test_top.env.slv_ag0 [TRACE] S[0] SLV W beat 4 data=0xf40bc7a4 last=0
[TRACE_XBAR_B] 2635000 M side m=0 m_bvalid=0 m_bready=1
[TRACE_W] 2635000 W pre-FIFO HS m=1 last=0 data=0xded74c0f strb=0xf
[TRACE_W] 2635000 W slave HS s=0 last=0 data=0xf40bc7a4
[TRACE_W_FIFO] 2635000 W_FIFO_WR m=1 last=1 data=0x0448de3e
[TRACE_W_FIFO] 2635000 W_FIFO_RD m=1 last=0 data=0xded74c0f
[TRACE_W_XBAR] 2635000 W_XBAR_M m=1 last=0 data=0x00000000
[TRACE_W_XBAR] 2635000 W_XBAR_S s=0 last=0 data=0x00000000
UVM_INFO ./uvm/axi_slave_agent.sv(112) @ 2645000: uvm_test_top.env.slv_ag0 [TRACE] S[0] SLV W beat 5 data=0x68d4d21e last=0
[TRACE_XBAR_B] 2645000 M side m=0 m_bvalid=0 m_bready=1
[TRACE_W] 2645000 W pre-FIFO HS m=1 last=1 data=0x0448de3e strb=0xf
[TRACE_W] 2645000 W slave HS s=0 last=0 data=0x68d4d21e
[TRACE_W_FIFO] 2645000 W_FIFO_RD m=1 last=1 data=0x0448de3e
[TRACE_W_XBAR] 2645000 W_XBAR_M m=1 last=1 data=0x00000000
[TRACE_W_XBAR] 2645000 W_XBAR_S s=0 last=0 data=0x00000001
UVM_INFO ./uvm/axi_slave_agent.sv(112) @ 2655000: uvm_test_top.env.slv_ag0 [TRACE] S[0] SLV W beat 6 data=0xded74c0f last=0
[TRACE_XBAR_B] 2655000 M side m=0 m_bvalid=0 m_bready=1
[TRACE_W] 2655000 W slave HS s=0 last=0 data=0xded74c0f
[TRACE_W_XBAR] 2655000 W_XBAR_S s=0 last=1 data=0x00000000
UVM_INFO ./uvm/axi_slave_agent.sv(112) @ 2665000: uvm_test_top.env.slv_ag0 [TRACE] S[0] SLV W beat 7 data=0x0448de3e last=1
[TRACE_XBAR_B] 2665000 M side m=0 m_bvalid=0 m_bready=1
[TRACE_W] 2665000 W slave HS s=0 last=1 data=0x0448de3e
[TRACE_XBAR_B] 2675000 M side m=0 m_bvalid=0 m_bready=1
[TRACE] 2675000 B slave handshake s=0 id=0x49
[TRACE] 2675000 B  from slave s=0
[TRACE_XBAR_B] 2685000 S side s=0 s_bvalid=1 s_bready=1
[TRACE_XBAR_B] 2685000 M side m=0 m_bvalid=0 m_bready=1
[TRACE] 2685000 B pre-FIFO out s=0 id=0x49
[TRACE] 2685000 B  to master m=1
[2695000] M[1] DRV B Handshake! BID=9 b_pending_size=1
UVM_INFO ./uvm/axi_driver.sv(190) @ 2695000: uvm_test_top.env.mst_ag1.drv_m1 [TRACE] M[1] DRV B resp=0 id=9
[TRACE_XBAR_B] 2695000 M side m=0 m_bvalid=0 m_bready=1
UVM_INFO ./uvm/axi_driver.sv(126) @ 2695000: uvm_test_top.env.mst_ag1.drv_m1 [TRACE] M[1] DRV AW start addr=0x000075f0 id=6
[TRACE_XBAR_B] 2705000 M side m=0 m_bvalid=0 m_bready=1
[TRACE_W_FIFO] 2705000 W_FIFO_WR m=1 last=0 data=0xca8f3598
[TRACE_XBAR_B] 2715000 M side m=0 m_bvalid=0 m_bready=1
[TRACE] 2715000 AW pre-FIFO m=1 addr=0x000075f0 len=12
[TRACE_W] 2715000 W pre-FIFO HS m=1 last=0 data=0xca8f3598 strb=0xf
[TRACE_W_FIFO] 2715000 W_FIFO_WR m=1 last=0 data=0x341437bf
[TRACE_W_FIFO] 2715000 W_FIFO_RD m=1 last=0 data=0xca8f3598
[TRACE_W_XBAR] 2715000 W_XBAR_M m=1 last=0 data=0x00000000
UVM_INFO ./uvm/axi_slave_agent.sv(84) @ 2725000: uvm_test_top.env.slv_ag3 [TRACE] S[3] SLV AW handshake id=70 addr=0x000075f0 len=12
[TRACE_XBAR_B] 2725000 M side m=0 m_bvalid=0 m_bready=1
[TRACE_W] 2725000 W pre-FIFO HS m=1 last=0 data=0x341437bf strb=0xf
[TRACE] 2725000 AW at slave s=3 addr=0x000075f0 len=12
[TRACE_W_FIFO] 2725000 W_FIFO_WR m=1 last=0 data=0x2602da6c
[TRACE_W_FIFO] 2725000 W_FIFO_RD m=1 last=0 data=0x341437bf
[TRACE_W_XBAR] 2725000 W_XBAR_M m=1 last=0 data=0x00000000
[TRACE_W_XBAR] 2725000 W_XBAR_S s=3 last=0 data=0x00000000
UVM_INFO ./uvm/axi_slave_agent.sv(112) @ 2735000: uvm_test_top.env.slv_ag3 [TRACE] S[3] SLV W beat 0 data=0xca8f3598 last=0
[TRACE_XBAR_B] 2735000 M side m=0 m_bvalid=0 m_bready=1
[TRACE_W] 2735000 W pre-FIFO HS m=1 last=0 data=0x2602da6c strb=0xf
[TRACE_W] 2735000 W slave HS s=3 last=0 data=0xca8f3598
[TRACE_W_FIFO] 2735000 W_FIFO_WR m=1 last=0 data=0x7fa74dd8
[TRACE_W_FIFO] 2735000 W_FIFO_RD m=1 last=0 data=0x2602da6c
[TRACE_W_XBAR] 2735000 W_XBAR_M m=1 last=0 data=0x00000000
[TRACE_W_XBAR] 2735000 W_XBAR_S s=3 last=0 data=0x00000000
UVM_INFO ./uvm/axi_slave_agent.sv(112) @ 2745000: uvm_test_top.env.slv_ag3 [TRACE] S[3] SLV W beat 1 data=0x341437bf last=0
[TRACE_XBAR_B] 2745000 M side m=0 m_bvalid=0 m_bready=1
[TRACE_W] 2745000 W pre-FIFO HS m=1 last=0 data=0x7fa74dd8 strb=0xf
[TRACE_W] 2745000 W slave HS s=3 last=0 data=0x341437bf
[TRACE_W_FIFO] 2745000 W_FIFO_WR m=1 last=0 data=0x78407e89
[TRACE_W_FIFO] 2745000 W_FIFO_RD m=1 last=0 data=0x7fa74dd8
[TRACE_W_XBAR] 2745000 W_XBAR_M m=1 last=0 data=0x00000000
[TRACE_W_XBAR] 2745000 W_XBAR_S s=3 last=0 data=0x00000000
UVM_INFO ./uvm/axi_slave_agent.sv(112) @ 2755000: uvm_test_top.env.slv_ag3 [TRACE] S[3] SLV W beat 2 data=0x2602da6c last=0
[TRACE_XBAR_B] 2755000 M side m=0 m_bvalid=0 m_bready=1
[TRACE_W] 2755000 W pre-FIFO HS m=1 last=0 data=0x78407e89 strb=0xf
[TRACE_W] 2755000 W slave HS s=3 last=0 data=0x2602da6c
[TRACE_W_FIFO] 2755000 W_FIFO_WR m=1 last=0 data=0x8dfe7b49
[TRACE_W_FIFO] 2755000 W_FIFO_RD m=1 last=0 data=0x78407e89
[TRACE_W_XBAR] 2755000 W_XBAR_M m=1 last=0 data=0x00000000
[TRACE_W_XBAR] 2755000 W_XBAR_S s=3 last=0 data=0x00000000
UVM_INFO ./uvm/axi_slave_agent.sv(112) @ 2765000: uvm_test_top.env.slv_ag3 [TRACE] S[3] SLV W beat 3 data=0x7fa74dd8 last=0
[TRACE_XBAR_B] 2765000 M side m=0 m_bvalid=0 m_bready=1
[TRACE_W] 2765000 W pre-FIFO HS m=1 last=0 data=0x8dfe7b49 strb=0xf
[TRACE_W] 2765000 W slave HS s=3 last=0 data=0x7fa74dd8
[TRACE_W_FIFO] 2765000 W_FIFO_WR m=1 last=0 data=0x6dd10c09
[TRACE_W_FIFO] 2765000 W_FIFO_RD m=1 last=0 data=0x8dfe7b49
[TRACE_W_XBAR] 2765000 W_XBAR_M m=1 last=0 data=0x00000000
[TRACE_W_XBAR] 2765000 W_XBAR_S s=3 last=0 data=0x00000000
UVM_INFO ./uvm/axi_slave_agent.sv(112) @ 2775000: uvm_test_top.env.slv_ag3 [TRACE] S[3] SLV W beat 4 data=0x78407e89 last=0
[TRACE_XBAR_B] 2775000 M side m=0 m_bvalid=0 m_bready=1
[TRACE_W] 2775000 W pre-FIFO HS m=1 last=0 data=0x6dd10c09 strb=0xf
[TRACE_W] 2775000 W slave HS s=3 last=0 data=0x78407e89
[TRACE_W_FIFO] 2775000 W_FIFO_WR m=1 last=0 data=0xd6f7decd
[TRACE_W_FIFO] 2775000 W_FIFO_RD m=1 last=0 data=0x6dd10c09
[TRACE_W_XBAR] 2775000 W_XBAR_M m=1 last=0 data=0x00000000
[TRACE_W_XBAR] 2775000 W_XBAR_S s=3 last=0 data=0x00000000
UVM_INFO ./uvm/axi_slave_agent.sv(112) @ 2785000: uvm_test_top.env.slv_ag3 [TRACE] S[3] SLV W beat 5 data=0x8dfe7b49 last=0
[TRACE_XBAR_B] 2785000 M side m=0 m_bvalid=0 m_bready=1
[TRACE_W] 2785000 W pre-FIFO HS m=1 last=0 data=0xd6f7decd strb=0xf
[TRACE_W] 2785000 W slave HS s=3 last=0 data=0x8dfe7b49
[TRACE_W_FIFO] 2785000 W_FIFO_WR m=1 last=0 data=0xcb14c66a
[TRACE_W_FIFO] 2785000 W_FIFO_RD m=1 last=0 data=0xd6f7decd
[TRACE_W_XBAR] 2785000 W_XBAR_M m=1 last=0 data=0x00000000
[TRACE_W_XBAR] 2785000 W_XBAR_S s=3 last=0 data=0x00000000
UVM_INFO ./uvm/axi_slave_agent.sv(112) @ 2795000: uvm_test_top.env.slv_ag3 [TRACE] S[3] SLV W beat 6 data=0x6dd10c09 last=0
[TRACE_XBAR_B] 2795000 M side m=0 m_bvalid=0 m_bready=1
[TRACE_W] 2795000 W pre-FIFO HS m=1 last=0 data=0xcb14c66a strb=0xf
[TRACE_W] 2795000 W slave HS s=3 last=0 data=0x6dd10c09
[TRACE_W_FIFO] 2795000 W_FIFO_WR m=1 last=0 data=0xe4a8cab2
[TRACE_W_FIFO] 2795000 W_FIFO_RD m=1 last=0 data=0xcb14c66a
[TRACE_W_XBAR] 2795000 W_XBAR_M m=1 last=0 data=0x00000000
[TRACE_W_XBAR] 2795000 W_XBAR_S s=3 last=0 data=0x00000000
UVM_INFO ./uvm/axi_slave_agent.sv(112) @ 2805000: uvm_test_top.env.slv_ag3 [TRACE] S[3] SLV W beat 7 data=0xd6f7decd last=0
[TRACE_XBAR_B] 2805000 M side m=0 m_bvalid=0 m_bready=1
[TRACE_W] 2805000 W pre-FIFO HS m=1 last=0 data=0xe4a8cab2 strb=0xf
[TRACE_W] 2805000 W slave HS s=3 last=0 data=0xd6f7decd
[TRACE_W_FIFO] 2805000 W_FIFO_WR m=1 last=0 data=0x7b926553
[TRACE_W_FIFO] 2805000 W_FIFO_RD m=1 last=0 data=0xe4a8cab2
[TRACE_W_XBAR] 2805000 W_XBAR_M m=1 last=0 data=0x00000000
[TRACE_W_XBAR] 2805000 W_XBAR_S s=3 last=0 data=0x00000000
UVM_INFO ./uvm/axi_slave_agent.sv(112) @ 2815000: uvm_test_top.env.slv_ag3 [TRACE] S[3] SLV W beat 8 data=0xcb14c66a last=0
[TRACE_XBAR_B] 2815000 M side m=0 m_bvalid=0 m_bready=1
[TRACE_W] 2815000 W pre-FIFO HS m=1 last=0 data=0x7b926553 strb=0xf
[TRACE_W] 2815000 W slave HS s=3 last=0 data=0xcb14c66a
[TRACE_W_FIFO] 2815000 W_FIFO_WR m=1 last=0 data=0x187546e4
[TRACE_W_FIFO] 2815000 W_FIFO_RD m=1 last=0 data=0x7b926553
[TRACE_W_XBAR] 2815000 W_XBAR_M m=1 last=0 data=0x00000000
[TRACE_W_XBAR] 2815000 W_XBAR_S s=3 last=0 data=0x00000000
UVM_INFO ./uvm/axi_slave_agent.sv(112) @ 2825000: uvm_test_top.env.slv_ag3 [TRACE] S[3] SLV W beat 9 data=0xe4a8cab2 last=0
[TRACE_XBAR_B] 2825000 M side m=0 m_bvalid=0 m_bready=1
[TRACE_W] 2825000 W pre-FIFO HS m=1 last=0 data=0x187546e4 strb=0xf
[TRACE_W] 2825000 W slave HS s=3 last=0 data=0xe4a8cab2
[TRACE_W_FIFO] 2825000 W_FIFO_WR m=1 last=1 data=0xfecd84a8
[TRACE_W_FIFO] 2825000 W_FIFO_RD m=1 last=0 data=0x187546e4
[TRACE_W_XBAR] 2825000 W_XBAR_M m=1 last=0 data=0x00000000
[TRACE_W_XBAR] 2825000 W_XBAR_S s=3 last=0 data=0x00000000
UVM_INFO ./uvm/axi_slave_agent.sv(112) @ 2835000: uvm_test_top.env.slv_ag3 [TRACE] S[3] SLV W beat 10 data=0x7b926553 last=0
[TRACE_XBAR_B] 2835000 M side m=0 m_bvalid=0 m_bready=1
[TRACE_W] 2835000 W pre-FIFO HS m=1 last=1 data=0xfecd84a8 strb=0xf
[TRACE_W] 2835000 W slave HS s=3 last=0 data=0x7b926553
[TRACE_W_FIFO] 2835000 W_FIFO_RD m=1 last=1 data=0xfecd84a8
[TRACE_W_XBAR] 2835000 W_XBAR_M m=1 last=1 data=0x00000000
[TRACE_W_XBAR] 2835000 W_XBAR_S s=3 last=0 data=0x00000000
UVM_INFO ./uvm/axi_slave_agent.sv(112) @ 2845000: uvm_test_top.env.slv_ag3 [TRACE] S[3] SLV W beat 11 data=0x187546e4 last=0
[TRACE_XBAR_B] 2845000 M side m=0 m_bvalid=0 m_bready=1
[TRACE_W] 2845000 W slave HS s=3 last=0 data=0x187546e4
[TRACE_W_XBAR] 2845000 W_XBAR_S s=3 last=1 data=0x00000000
UVM_INFO ./uvm/axi_slave_agent.sv(112) @ 2855000: uvm_test_top.env.slv_ag3 [TRACE] S[3] SLV W beat 12 data=0xfecd84a8 last=1
[TRACE_XBAR_B] 2855000 M side m=0 m_bvalid=0 m_bready=1
[TRACE_W] 2855000 W slave HS s=3 last=1 data=0xfecd84a8
[TRACE_XBAR_B] 2865000 M side m=0 m_bvalid=0 m_bready=1
[TRACE] 2865000 B  from slave s=3
[TRACE_XBAR_B] 2875000 M side m=0 m_bvalid=0 m_bready=1
[TRACE] 2875000 B  to master m=1
[2885000] M[1] DRV B Handshake! BID=6 b_pending_size=1
UVM_INFO ./uvm/axi_driver.sv(190) @ 2885000: uvm_test_top.env.mst_ag1.drv_m1 [TRACE] M[1] DRV B resp=0 id=6
[TRACE_XBAR_B] 2885000 M side m=0 m_bvalid=0 m_bready=1
UVM_INFO ./uvm/axi_driver.sv(126) @ 2885000: uvm_test_top.env.mst_ag1.drv_m1 [TRACE] M[1] DRV AW start addr=0x00002f1c id=14
[TRACE_XBAR_B] 2895000 M side m=0 m_bvalid=0 m_bready=1
[TRACE_W_FIFO] 2895000 W_FIFO_WR m=1 last=0 data=0x91384ffc
[TRACE_XBAR_B] 2905000 M side m=0 m_bvalid=0 m_bready=1
[TRACE] 2905000 AW pre-FIFO m=1 addr=0x00002f1c len=12
[TRACE_W] 2905000 W pre-FIFO HS m=1 last=0 data=0x91384ffc strb=0xf
[TRACE_W_FIFO] 2905000 W_FIFO_WR m=1 last=0 data=0xff414ba8
[TRACE_W_FIFO] 2905000 W_FIFO_RD m=1 last=0 data=0x91384ffc
[TRACE_W_XBAR] 2905000 W_XBAR_M m=1 last=0 data=0x00000000
UVM_INFO ./uvm/axi_slave_agent.sv(84) @ 2915000: uvm_test_top.env.slv_ag1 [TRACE] S[1] SLV AW handshake id=78 addr=0x00002f1c len=12
[TRACE_XBAR_B] 2915000 M side m=0 m_bvalid=0 m_bready=1
[TRACE_W] 2915000 W pre-FIFO HS m=1 last=0 data=0xff414ba8 strb=0xf
[TRACE] 2915000 AW at slave s=1 addr=0x00002f1c len=12
[TRACE_W_FIFO] 2915000 W_FIFO_WR m=1 last=0 data=0x61dd767c
[TRACE_W_FIFO] 2915000 W_FIFO_RD m=1 last=0 data=0xff414ba8
[TRACE_W_XBAR] 2915000 W_XBAR_M m=1 last=0 data=0x00000000
[TRACE_W_XBAR] 2915000 W_XBAR_S s=1 last=0 data=0x00000000
UVM_INFO ./uvm/axi_slave_agent.sv(112) @ 2925000: uvm_test_top.env.slv_ag1 [TRACE] S[1] SLV W beat 0 data=0x91384ffc last=0
[TRACE_XBAR_B] 2925000 M side m=0 m_bvalid=0 m_bready=1
[TRACE_W] 2925000 W pre-FIFO HS m=1 last=0 data=0x61dd767c strb=0xf
[TRACE_W] 2925000 W slave HS s=1 last=0 data=0x91384ffc
[TRACE_W_FIFO] 2925000 W_FIFO_WR m=1 last=0 data=0x760fd6cb
[TRACE_W_FIFO] 2925000 W_FIFO_RD m=1 last=0 data=0x61dd767c
[TRACE_W_XBAR] 2925000 W_XBAR_M m=1 last=0 data=0x00000000
[TRACE_W_XBAR] 2925000 W_XBAR_S s=1 last=0 data=0x00000000
UVM_INFO ./uvm/axi_slave_agent.sv(112) @ 2935000: uvm_test_top.env.slv_ag1 [TRACE] S[1] SLV W beat 1 data=0xff414ba8 last=0
[TRACE_XBAR_B] 2935000 M side m=0 m_bvalid=0 m_bready=1
[TRACE_W] 2935000 W pre-FIFO HS m=1 last=0 data=0x760fd6cb strb=0xf
[TRACE_W] 2935000 W slave HS s=1 last=0 data=0xff414ba8
[TRACE_W_FIFO] 2935000 W_FIFO_WR m=1 last=0 data=0x56c4c133
[TRACE_W_FIFO] 2935000 W_FIFO_RD m=1 last=0 data=0x760fd6cb
[TRACE_W_XBAR] 2935000 W_XBAR_M m=1 last=0 data=0x00000000
[TRACE_W_XBAR] 2935000 W_XBAR_S s=1 last=0 data=0x00000000
UVM_INFO ./uvm/axi_slave_agent.sv(112) @ 2945000: uvm_test_top.env.slv_ag1 [TRACE] S[1] SLV W beat 2 data=0x61dd767c last=0
[TRACE_XBAR_B] 2945000 M side m=0 m_bvalid=0 m_bready=1
[TRACE_W] 2945000 W pre-FIFO HS m=1 last=0 data=0x56c4c133 strb=0xf
[TRACE_W] 2945000 W slave HS s=1 last=0 data=0x61dd767c
[TRACE_W_FIFO] 2945000 W_FIFO_WR m=1 last=0 data=0x1dfeae1a
[TRACE_W_FIFO] 2945000 W_FIFO_RD m=1 last=0 data=0x56c4c133
[TRACE_W_XBAR] 2945000 W_XBAR_M m=1 last=0 data=0x00000000
[TRACE_W_XBAR] 2945000 W_XBAR_S s=1 last=0 data=0x00000000
UVM_INFO ./uvm/axi_slave_agent.sv(112) @ 2955000: uvm_test_top.env.slv_ag1 [TRACE] S[1] SLV W beat 3 data=0x760fd6cb last=0
[TRACE_XBAR_B] 2955000 M side m=0 m_bvalid=0 m_bready=1
[TRACE_W] 2955000 W pre-FIFO HS m=1 last=0 data=0x1dfeae1a strb=0xf
[TRACE_W] 2955000 W slave HS s=1 last=0 data=0x760fd6cb
[TRACE_W_FIFO] 2955000 W_FIFO_WR m=1 last=0 data=0xedaed256
[TRACE_W_FIFO] 2955000 W_FIFO_RD m=1 last=0 data=0x1dfeae1a
[TRACE_W_XBAR] 2955000 W_XBAR_M m=1 last=0 data=0x00000000
[TRACE_W_XBAR] 2955000 W_XBAR_S s=1 last=0 data=0x00000000
UVM_INFO ./uvm/axi_slave_agent.sv(112) @ 2965000: uvm_test_top.env.slv_ag1 [TRACE] S[1] SLV W beat 4 data=0x56c4c133 last=0
[TRACE_XBAR_B] 2965000 M side m=0 m_bvalid=0 m_bready=1
[TRACE_W] 2965000 W pre-FIFO HS m=1 last=0 data=0xedaed256 strb=0xf
[TRACE_W] 2965000 W slave HS s=1 last=0 data=0x56c4c133
[TRACE_W_FIFO] 2965000 W_FIFO_WR m=1 last=0 data=0x96680384
[TRACE_W_FIFO] 2965000 W_FIFO_RD m=1 last=0 data=0xedaed256
[TRACE_W_XBAR] 2965000 W_XBAR_M m=1 last=0 data=0x00000000
[TRACE_W_XBAR] 2965000 W_XBAR_S s=1 last=0 data=0x00000000
UVM_INFO ./uvm/axi_slave_agent.sv(112) @ 2975000: uvm_test_top.env.slv_ag1 [TRACE] S[1] SLV W beat 5 data=0x1dfeae1a last=0
[TRACE_XBAR_B] 2975000 M side m=0 m_bvalid=0 m_bready=1
[TRACE_W] 2975000 W pre-FIFO HS m=1 last=0 data=0x96680384 strb=0xf
[TRACE_W] 2975000 W slave HS s=1 last=0 data=0x1dfeae1a
[TRACE_W_FIFO] 2975000 W_FIFO_WR m=1 last=0 data=0x7d609e01
[TRACE_W_FIFO] 2975000 W_FIFO_RD m=1 last=0 data=0x96680384
[TRACE_W_XBAR] 2975000 W_XBAR_M m=1 last=0 data=0x00000000
[TRACE_W_XBAR] 2975000 W_XBAR_S s=1 last=0 data=0x00000000
UVM_INFO ./uvm/axi_slave_agent.sv(112) @ 2985000: uvm_test_top.env.slv_ag1 [TRACE] S[1] SLV W beat 6 data=0xedaed256 last=0
[TRACE_XBAR_B] 2985000 M side m=0 m_bvalid=0 m_bready=1
[TRACE_W] 2985000 W pre-FIFO HS m=1 last=0 data=0x7d609e01 strb=0xf
[TRACE_W] 2985000 W slave HS s=1 last=0 data=0xedaed256
[TRACE_W_FIFO] 2985000 W_FIFO_WR m=1 last=0 data=0x478d0836
[TRACE_W_FIFO] 2985000 W_FIFO_RD m=1 last=0 data=0x7d609e01
[TRACE_W_XBAR] 2985000 W_XBAR_M m=1 last=0 data=0x00000000
[TRACE_W_XBAR] 2985000 W_XBAR_S s=1 last=0 data=0x00000000
UVM_INFO ./uvm/axi_slave_agent.sv(112) @ 2995000: uvm_test_top.env.slv_ag1 [TRACE] S[1] SLV W beat 7 data=0x96680384 last=0
[TRACE_XBAR_B] 2995000 M side m=0 m_bvalid=0 m_bready=1
[TRACE_W] 2995000 W pre-FIFO HS m=1 last=0 data=0x478d0836 strb=0xf
[TRACE_W] 2995000 W slave HS s=1 last=0 data=0x96680384
[TRACE_W_FIFO] 2995000 W_FIFO_WR m=1 last=0 data=0x495a8da2
[TRACE_W_FIFO] 2995000 W_FIFO_RD m=1 last=0 data=0x478d0836
[TRACE_W_XBAR] 2995000 W_XBAR_M m=1 last=0 data=0x00000000
[TRACE_W_XBAR] 2995000 W_XBAR_S s=1 last=0 data=0x00000000
UVM_INFO ./uvm/axi_slave_agent.sv(112) @ 3005000: uvm_test_top.env.slv_ag1 [TRACE] S[1] SLV W beat 8 data=0x7d609e01 last=0
[TRACE_XBAR_B] 3005000 M side m=0 m_bvalid=0 m_bready=1
[TRACE_W] 3005000 W pre-FIFO HS m=1 last=0 data=0x495a8da2 strb=0xf
[TRACE_W] 3005000 W slave HS s=1 last=0 data=0x7d609e01
[TRACE_W_FIFO] 3005000 W_FIFO_WR m=1 last=0 data=0x0c143f62
[TRACE_W_FIFO] 3005000 W_FIFO_RD m=1 last=0 data=0x495a8da2
[TRACE_W_XBAR] 3005000 W_XBAR_M m=1 last=0 data=0x00000000
[TRACE_W_XBAR] 3005000 W_XBAR_S s=1 last=0 data=0x00000000
UVM_INFO ./uvm/axi_slave_agent.sv(112) @ 3015000: uvm_test_top.env.slv_ag1 [TRACE] S[1] SLV W beat 9 data=0x478d0836 last=0
[TRACE_XBAR_B] 3015000 M side m=0 m_bvalid=0 m_bready=1
[TRACE_W] 3015000 W pre-FIFO HS m=1 last=0 data=0x0c143f62 strb=0xf
[TRACE_W] 3015000 W slave HS s=1 last=0 data=0x478d0836
[TRACE_W_FIFO] 3015000 W_FIFO_WR m=1 last=1 data=0xdc094350
[TRACE_W_FIFO] 3015000 W_FIFO_RD m=1 last=0 data=0x0c143f62
[TRACE_W_XBAR] 3015000 W_XBAR_M m=1 last=0 data=0x00000000
[TRACE_W_XBAR] 3015000 W_XBAR_S s=1 last=0 data=0x00000000
UVM_INFO ./uvm/axi_slave_agent.sv(112) @ 3025000: uvm_test_top.env.slv_ag1 [TRACE] S[1] SLV W beat 10 data=0x495a8da2 last=0
[TRACE_XBAR_B] 3025000 M side m=0 m_bvalid=0 m_bready=1
[TRACE_W] 3025000 W pre-FIFO HS m=1 last=1 data=0xdc094350 strb=0xf
[TRACE_W] 3025000 W slave HS s=1 last=0 data=0x495a8da2
[TRACE_W_FIFO] 3025000 W_FIFO_RD m=1 last=1 data=0xdc094350
[TRACE_W_XBAR] 3025000 W_XBAR_M m=1 last=1 data=0x00000000
[TRACE_W_XBAR] 3025000 W_XBAR_S s=1 last=0 data=0x00000000
UVM_INFO ./uvm/axi_slave_agent.sv(112) @ 3035000: uvm_test_top.env.slv_ag1 [TRACE] S[1] SLV W beat 11 data=0x0c143f62 last=0
[TRACE_XBAR_B] 3035000 M side m=0 m_bvalid=0 m_bready=1
[TRACE_W] 3035000 W slave HS s=1 last=0 data=0x0c143f62
[TRACE_W_XBAR] 3035000 W_XBAR_S s=1 last=1 data=0x00000000
UVM_INFO ./uvm/axi_slave_agent.sv(112) @ 3045000: uvm_test_top.env.slv_ag1 [TRACE] S[1] SLV W beat 12 data=0xdc094350 last=1
[TRACE_XBAR_B] 3045000 M side m=0 m_bvalid=0 m_bready=1
[TRACE_W] 3045000 W slave HS s=1 last=1 data=0xdc094350
[TRACE_XBAR_B] 3055000 M side m=0 m_bvalid=0 m_bready=1
[TRACE] 3055000 B  from slave s=1
[TRACE_XBAR_B] 3065000 M side m=0 m_bvalid=0 m_bready=1
[TRACE] 3065000 B  to master m=1
[3075000] M[1] DRV B Handshake! BID=14 b_pending_size=1
UVM_INFO ./uvm/axi_driver.sv(190) @ 3075000: uvm_test_top.env.mst_ag1.drv_m1 [TRACE] M[1] DRV B resp=0 id=14
[TRACE_XBAR_B] 3075000 M side m=0 m_bvalid=0 m_bready=1
UVM_INFO ./uvm/axi_driver.sv(126) @ 3075000: uvm_test_top.env.mst_ag1.drv_m1 [TRACE] M[1] DRV AW start addr=0x00005b74 id=3
[TRACE_XBAR_B] 3085000 M side m=0 m_bvalid=0 m_bready=1
[TRACE_W_FIFO] 3085000 W_FIFO_WR m=1 last=0 data=0xca8d1b03
[TRACE_XBAR_B] 3095000 M side m=0 m_bvalid=0 m_bready=1
[TRACE] 3095000 AW pre-FIFO m=1 addr=0x00005b74 len=6
[TRACE_W] 3095000 W pre-FIFO HS m=1 last=0 data=0xca8d1b03 strb=0xf
[TRACE_W_FIFO] 3095000 W_FIFO_WR m=1 last=0 data=0x9158415f
[TRACE_W_FIFO] 3095000 W_FIFO_RD m=1 last=0 data=0xca8d1b03
[TRACE_W_XBAR] 3095000 W_XBAR_M m=1 last=0 data=0x00000000
UVM_INFO ./uvm/axi_slave_agent.sv(84) @ 3105000: uvm_test_top.env.slv_ag2 [TRACE] S[2] SLV AW handshake id=67 addr=0x00005b74 len=6
[TRACE_XBAR_B] 3105000 M side m=0 m_bvalid=0 m_bready=1
[TRACE_W] 3105000 W pre-FIFO HS m=1 last=0 data=0x9158415f strb=0xf
[TRACE] 3105000 AW at slave s=2 addr=0x00005b74 len=6
[TRACE_W_FIFO] 3105000 W_FIFO_WR m=1 last=0 data=0x1c32f3ab
[TRACE_W_FIFO] 3105000 W_FIFO_RD m=1 last=0 data=0x9158415f
[TRACE_W_XBAR] 3105000 W_XBAR_M m=1 last=0 data=0x00000000
[TRACE_W_XBAR] 3105000 W_XBAR_S s=2 last=0 data=0x00000000
UVM_INFO ./uvm/axi_slave_agent.sv(112) @ 3115000: uvm_test_top.env.slv_ag2 [TRACE] S[2] SLV W beat 0 data=0xca8d1b03 last=0
[TRACE_XBAR_B] 3115000 M side m=0 m_bvalid=0 m_bready=1
[TRACE_W] 3115000 W pre-FIFO HS m=1 last=0 data=0x1c32f3ab strb=0xf
[TRACE_W] 3115000 W slave HS s=2 last=0 data=0xca8d1b03
[TRACE_W_FIFO] 3115000 W_FIFO_WR m=1 last=0 data=0xfa6eb1ce
[TRACE_W_FIFO] 3115000 W_FIFO_RD m=1 last=0 data=0x1c32f3ab
[TRACE_W_XBAR] 3115000 W_XBAR_M m=1 last=0 data=0x00000000
[TRACE_W_XBAR] 3115000 W_XBAR_S s=2 last=0 data=0x00000000
UVM_INFO ./uvm/axi_slave_agent.sv(112) @ 3125000: uvm_test_top.env.slv_ag2 [TRACE] S[2] SLV W beat 1 data=0x9158415f last=0
[TRACE_XBAR_B] 3125000 M side m=0 m_bvalid=0 m_bready=1
[TRACE_W] 3125000 W pre-FIFO HS m=1 last=0 data=0xfa6eb1ce strb=0xf
[TRACE_W] 3125000 W slave HS s=2 last=0 data=0x9158415f
[TRACE_W_FIFO] 3125000 W_FIFO_WR m=1 last=0 data=0x560181cc
[TRACE_W_FIFO] 3125000 W_FIFO_RD m=1 last=0 data=0xfa6eb1ce
[TRACE_W_XBAR] 3125000 W_XBAR_M m=1 last=0 data=0x00000000
[TRACE_W_XBAR] 3125000 W_XBAR_S s=2 last=0 data=0x00000000
UVM_INFO ./uvm/axi_slave_agent.sv(112) @ 3135000: uvm_test_top.env.slv_ag2 [TRACE] S[2] SLV W beat 2 data=0x1c32f3ab last=0
[TRACE_XBAR_B] 3135000 M side m=0 m_bvalid=0 m_bready=1
[TRACE_W] 3135000 W pre-FIFO HS m=1 last=0 data=0x560181cc strb=0xf
[TRACE_W] 3135000 W slave HS s=2 last=0 data=0x1c32f3ab
[TRACE_W_FIFO] 3135000 W_FIFO_WR m=1 last=0 data=0x483feac6
[TRACE_W_FIFO] 3135000 W_FIFO_RD m=1 last=0 data=0x560181cc
[TRACE_W_XBAR] 3135000 W_XBAR_M m=1 last=0 data=0x00000000
[TRACE_W_XBAR] 3135000 W_XBAR_S s=2 last=0 data=0x00000000
UVM_INFO ./uvm/axi_slave_agent.sv(112) @ 3145000: uvm_test_top.env.slv_ag2 [TRACE] S[2] SLV W beat 3 data=0xfa6eb1ce last=0
[TRACE_XBAR_B] 3145000 M side m=0 m_bvalid=0 m_bready=1
[TRACE_W] 3145000 W pre-FIFO HS m=1 last=0 data=0x483feac6 strb=0xf
[TRACE_W] 3145000 W slave HS s=2 last=0 data=0xfa6eb1ce
[TRACE_W_FIFO] 3145000 W_FIFO_WR m=1 last=1 data=0x506fc28c
[TRACE_W_FIFO] 3145000 W_FIFO_RD m=1 last=0 data=0x483feac6
[TRACE_W_XBAR] 3145000 W_XBAR_M m=1 last=0 data=0x00000000
[TRACE_W_XBAR] 3145000 W_XBAR_S s=2 last=0 data=0x00000000
UVM_INFO ./uvm/axi_slave_agent.sv(112) @ 3155000: uvm_test_top.env.slv_ag2 [TRACE] S[2] SLV W beat 4 data=0x560181cc last=0
[TRACE_XBAR_B] 3155000 M side m=0 m_bvalid=0 m_bready=1
[TRACE_W] 3155000 W pre-FIFO HS m=1 last=1 data=0x506fc28c strb=0xf
[TRACE_W] 3155000 W slave HS s=2 last=0 data=0x560181cc
[TRACE_W_FIFO] 3155000 W_FIFO_RD m=1 last=1 data=0x506fc28c
[TRACE_W_XBAR] 3155000 W_XBAR_M m=1 last=1 data=0x00000000
[TRACE_W_XBAR] 3155000 W_XBAR_S s=2 last=0 data=0x00000000
UVM_INFO ./uvm/axi_slave_agent.sv(112) @ 3165000: uvm_test_top.env.slv_ag2 [TRACE] S[2] SLV W beat 5 data=0x483feac6 last=0
[TRACE_XBAR_B] 3165000 M side m=0 m_bvalid=0 m_bready=1
[TRACE_W] 3165000 W slave HS s=2 last=0 data=0x483feac6
[TRACE_W_XBAR] 3165000 W_XBAR_S s=2 last=1 data=0x00000000
UVM_INFO ./uvm/axi_slave_agent.sv(112) @ 3175000: uvm_test_top.env.slv_ag2 [TRACE] S[2] SLV W beat 6 data=0x506fc28c last=1
[TRACE_XBAR_B] 3175000 M side m=0 m_bvalid=0 m_bready=1
[TRACE_W] 3175000 W slave HS s=2 last=1 data=0x506fc28c
[TRACE_XBAR_B] 3185000 M side m=0 m_bvalid=0 m_bready=1
[TRACE] 3185000 B  from slave s=2
[TRACE_XBAR_B] 3195000 M side m=0 m_bvalid=0 m_bready=1
[TRACE] 3195000 B  to master m=1
[3205000] M[1] DRV B Handshake! BID=3 b_pending_size=1
UVM_INFO ./uvm/axi_driver.sv(190) @ 3205000: uvm_test_top.env.mst_ag1.drv_m1 [TRACE] M[1] DRV B resp=0 id=3
[TRACE_XBAR_B] 3205000 M side m=0 m_bvalid=0 m_bready=1
UVM_INFO ./uvm/axi_driver.sv(220) @ 3205000: uvm_test_top.env.mst_ag1.drv_m1 [TRACE] M[1] DRV AR start addr=0x00007df8 len=1 id=9
[TRACE_XBAR_B] 3215000 M side m=0 m_bvalid=0 m_bready=1
[TRACE_XBAR_B] 3225000 M side m=0 m_bvalid=0 m_bready=1
[TRACE] 3225000 AR pre-FIFO vld m=1 vld=1 rdy=1
[TRACE] 3225000 AR pre-FIFO out m=1 addr=0x00007df8
[TRACE] 3225000 AR pre-FIFO m=1 addr=0x00007df8 len=1
UVM_INFO ./uvm/axi_slave_agent.sv(171) @ 3235000: uvm_test_top.env.slv_ag3 [TRACE] S[3] SLV AR handshake id=73 addr=0x00007df8 len=1
[TRACE_XBAR_B] 3235000 M side m=0 m_bvalid=0 m_bready=1
[TRACE] 3235000 AR at slave s=3 addr=0x00007df8
[TRACE] 3235000 AR pre-FIFO vld m=1 vld=0 rdy=0
[TRACE] 3235000 AR at slave s=3 addr=0x00007df8 len=1
UVM_INFO ./uvm/axi_slave_agent.sv(204) @ 3235000: uvm_test_top.env.slv_ag3 [TRACE] S[3] SLV R MISS at addr=0x00007df8
UVM_INFO ./uvm/axi_slave_agent.sv(204) @ 3245000: uvm_test_top.env.slv_ag3 [TRACE] S[3] SLV R MISS at addr=0x00007dfc
[TRACE_XBAR_B] 3245000 M side m=0 m_bvalid=0 m_bready=1
[TRACE] 3245000 R  from slave s=3
[TRACE_XBAR_B] 3255000 M side m=0 m_bvalid=0 m_bready=1
[TRACE] 3255000 R  to master m=1
[TRACE] 3255000 R  from slave s=3
[TRACE_XBAR_B] 3265000 M side m=0 m_bvalid=0 m_bready=1
[TRACE] 3265000 R  to master m=1
[TRACE_XBAR_B] 3275000 M side m=0 m_bvalid=0 m_bready=1
UVM_INFO ./uvm/axi_driver.sv(126) @ 3275000: uvm_test_top.env.mst_ag1.drv_m1 [TRACE] M[1] DRV AW start addr=0x00001c54 id=5
[TRACE_XBAR_B] 3285000 M side m=0 m_bvalid=0 m_bready=1
[TRACE_W_FIFO] 3285000 W_FIFO_WR m=1 last=0 data=0xea74b724
[TRACE_XBAR_B] 3295000 M side m=0 m_bvalid=0 m_bready=1
[TRACE] 3295000 AW pre-FIFO m=1 addr=0x00001c54 len=9
[TRACE_W] 3295000 W pre-FIFO HS m=1 last=0 data=0xea74b724 strb=0xf
[TRACE_W_FIFO] 3295000 W_FIFO_WR m=1 last=0 data=0xcea6802f
[TRACE_W_FIFO] 3295000 W_FIFO_RD m=1 last=0 data=0xea74b724
[TRACE_W_XBAR] 3295000 W_XBAR_M m=1 last=0 data=0x00000000
UVM_INFO ./uvm/axi_slave_agent.sv(84) @ 3305000: uvm_test_top.env.slv_ag0 [TRACE] S[0] SLV AW handshake id=69 addr=0x00001c54 len=9
[TRACE_XBAR_B] 3305000 M side m=0 m_bvalid=0 m_bready=1
[TRACE_W] 3305000 W pre-FIFO HS m=1 last=0 data=0xcea6802f strb=0xf
[TRACE] 3305000 AW at slave s=0 addr=0x00001c54 len=9
[TRACE_W_FIFO] 3305000 W_FIFO_WR m=1 last=0 data=0x1827b0d6
[TRACE_W_FIFO] 3305000 W_FIFO_RD m=1 last=0 data=0xcea6802f
[TRACE_W_XBAR] 3305000 W_XBAR_M m=1 last=0 data=0x00000000
[TRACE_W_XBAR] 3305000 W_XBAR_S s=0 last=0 data=0x00000000
UVM_INFO ./uvm/axi_slave_agent.sv(112) @ 3315000: uvm_test_top.env.slv_ag0 [TRACE] S[0] SLV W beat 0 data=0xea74b724 last=0
[TRACE_XBAR_B] 3315000 M side m=0 m_bvalid=0 m_bready=1
[TRACE_W] 3315000 W pre-FIFO HS m=1 last=0 data=0x1827b0d6 strb=0xf
[TRACE_W] 3315000 W slave HS s=0 last=0 data=0xea74b724
[TRACE_W_FIFO] 3315000 W_FIFO_WR m=1 last=0 data=0x5e51bb83
[TRACE_W_FIFO] 3315000 W_FIFO_RD m=1 last=0 data=0x1827b0d6
[TRACE_W_XBAR] 3315000 W_XBAR_M m=1 last=0 data=0x00000000
[TRACE_W_XBAR] 3315000 W_XBAR_S s=0 last=0 data=0x00000001
UVM_INFO ./uvm/axi_slave_agent.sv(112) @ 3325000: uvm_test_top.env.slv_ag0 [TRACE] S[0] SLV W beat 1 data=0xcea6802f last=0
[TRACE_XBAR_B] 3325000 M side m=0 m_bvalid=0 m_bready=1
[TRACE_W] 3325000 W pre-FIFO HS m=1 last=0 data=0x5e51bb83 strb=0xf
[TRACE_W] 3325000 W slave HS s=0 last=0 data=0xcea6802f
[TRACE_W_FIFO] 3325000 W_FIFO_WR m=1 last=0 data=0xc6165bd8
[TRACE_W_FIFO] 3325000 W_FIFO_RD m=1 last=0 data=0x5e51bb83
[TRACE_W_XBAR] 3325000 W_XBAR_M m=1 last=0 data=0x00000000
[TRACE_W_XBAR] 3325000 W_XBAR_S s=0 last=0 data=0x00000000
UVM_INFO ./uvm/axi_slave_agent.sv(112) @ 3335000: uvm_test_top.env.slv_ag0 [TRACE] S[0] SLV W beat 2 data=0x1827b0d6 last=0
[TRACE_XBAR_B] 3335000 M side m=0 m_bvalid=0 m_bready=1
[TRACE_W] 3335000 W pre-FIFO HS m=1 last=0 data=0xc6165bd8 strb=0xf
[TRACE_W] 3335000 W slave HS s=0 last=0 data=0x1827b0d6
[TRACE_W_FIFO] 3335000 W_FIFO_WR m=1 last=0 data=0x6ce2b588
[TRACE_W_FIFO] 3335000 W_FIFO_RD m=1 last=0 data=0xc6165bd8
[TRACE_W_XBAR] 3335000 W_XBAR_M m=1 last=0 data=0x00000000
[TRACE_W_XBAR] 3335000 W_XBAR_S s=0 last=0 data=0x00000001
UVM_INFO ./uvm/axi_slave_agent.sv(112) @ 3345000: uvm_test_top.env.slv_ag0 [TRACE] S[0] SLV W beat 3 data=0x5e51bb83 last=0
[TRACE_XBAR_B] 3345000 M side m=0 m_bvalid=0 m_bready=1
[TRACE_W] 3345000 W pre-FIFO HS m=1 last=0 data=0x6ce2b588 strb=0xf
[TRACE_W] 3345000 W slave HS s=0 last=0 data=0x5e51bb83
[TRACE_W_FIFO] 3345000 W_FIFO_WR m=1 last=0 data=0x61827a6a
[TRACE_W_FIFO] 3345000 W_FIFO_RD m=1 last=0 data=0x6ce2b588
[TRACE_W_XBAR] 3345000 W_XBAR_M m=1 last=0 data=0x00000000
[TRACE_W_XBAR] 3345000 W_XBAR_S s=0 last=0 data=0x00000000
UVM_INFO ./uvm/axi_slave_agent.sv(112) @ 3355000: uvm_test_top.env.slv_ag0 [TRACE] S[0] SLV W beat 4 data=0xc6165bd8 last=0
[TRACE_XBAR_B] 3355000 M side m=0 m_bvalid=0 m_bready=1
[TRACE_W] 3355000 W pre-FIFO HS m=1 last=0 data=0x61827a6a strb=0xf
[TRACE_W] 3355000 W slave HS s=0 last=0 data=0xc6165bd8
[TRACE_W_FIFO] 3355000 W_FIFO_WR m=1 last=0 data=0x168d6e3d
[TRACE_W_FIFO] 3355000 W_FIFO_RD m=1 last=0 data=0x61827a6a
[TRACE_W_XBAR] 3355000 W_XBAR_M m=1 last=0 data=0x00000000
[TRACE_W_XBAR] 3355000 W_XBAR_S s=0 last=0 data=0x00000000
UVM_INFO ./uvm/axi_slave_agent.sv(112) @ 3365000: uvm_test_top.env.slv_ag0 [TRACE] S[0] SLV W beat 5 data=0x6ce2b588 last=0
[TRACE_XBAR_B] 3365000 M side m=0 m_bvalid=0 m_bready=1
[TRACE_W] 3365000 W pre-FIFO HS m=1 last=0 data=0x168d6e3d strb=0xf
[TRACE_W] 3365000 W slave HS s=0 last=0 data=0x6ce2b588
[TRACE_W_FIFO] 3365000 W_FIFO_WR m=1 last=0 data=0x5db05437
[TRACE_W_FIFO] 3365000 W_FIFO_RD m=1 last=0 data=0x168d6e3d
[TRACE_W_XBAR] 3365000 W_XBAR_M m=1 last=0 data=0x00000000
[TRACE_W_XBAR] 3365000 W_XBAR_S s=0 last=0 data=0x00000000
UVM_INFO ./uvm/axi_slave_agent.sv(112) @ 3375000: uvm_test_top.env.slv_ag0 [TRACE] S[0] SLV W beat 6 data=0x61827a6a last=0
[TRACE_XBAR_B] 3375000 M side m=0 m_bvalid=0 m_bready=1
[TRACE_W] 3375000 W pre-FIFO HS m=1 last=0 data=0x5db05437 strb=0xf
[TRACE_W] 3375000 W slave HS s=0 last=0 data=0x61827a6a
[TRACE_W_FIFO] 3375000 W_FIFO_WR m=1 last=1 data=0x98d10f17
[TRACE_W_FIFO] 3375000 W_FIFO_RD m=1 last=0 data=0x5db05437
[TRACE_W_XBAR] 3375000 W_XBAR_M m=1 last=0 data=0x00000000
[TRACE_W_XBAR] 3375000 W_XBAR_S s=0 last=0 data=0x00000001
UVM_INFO ./uvm/axi_slave_agent.sv(112) @ 3385000: uvm_test_top.env.slv_ag0 [TRACE] S[0] SLV W beat 7 data=0x168d6e3d last=0
[TRACE_XBAR_B] 3385000 M side m=0 m_bvalid=0 m_bready=1
[TRACE_W] 3385000 W pre-FIFO HS m=1 last=1 data=0x98d10f17 strb=0xf
[TRACE_W] 3385000 W slave HS s=0 last=0 data=0x168d6e3d
[TRACE_W_FIFO] 3385000 W_FIFO_RD m=1 last=1 data=0x98d10f17
[TRACE_W_XBAR] 3385000 W_XBAR_M m=1 last=1 data=0x00000000
[TRACE_W_XBAR] 3385000 W_XBAR_S s=0 last=0 data=0x00000001
UVM_INFO ./uvm/axi_slave_agent.sv(112) @ 3395000: uvm_test_top.env.slv_ag0 [TRACE] S[0] SLV W beat 8 data=0x5db05437 last=0
[TRACE_XBAR_B] 3395000 M side m=0 m_bvalid=0 m_bready=1
[TRACE_W] 3395000 W slave HS s=0 last=0 data=0x5db05437
[TRACE_W_XBAR] 3395000 W_XBAR_S s=0 last=1 data=0x00000001
UVM_INFO ./uvm/axi_slave_agent.sv(112) @ 3405000: uvm_test_top.env.slv_ag0 [TRACE] S[0] SLV W beat 9 data=0x98d10f17 last=1
[TRACE_XBAR_B] 3405000 M side m=0 m_bvalid=0 m_bready=1
[TRACE_W] 3405000 W slave HS s=0 last=1 data=0x98d10f17
[TRACE_XBAR_B] 3415000 M side m=0 m_bvalid=0 m_bready=1
[TRACE] 3415000 B slave handshake s=0 id=0x45
[TRACE] 3415000 B  from slave s=0
[TRACE_XBAR_B] 3425000 S side s=0 s_bvalid=1 s_bready=1
[TRACE_XBAR_B] 3425000 M side m=0 m_bvalid=0 m_bready=1
[TRACE] 3425000 B pre-FIFO out s=0 id=0x45
[TRACE] 3425000 B  to master m=1
[3435000] M[1] DRV B Handshake! BID=5 b_pending_size=1
UVM_INFO ./uvm/axi_driver.sv(190) @ 3435000: uvm_test_top.env.mst_ag1.drv_m1 [TRACE] M[1] DRV B resp=0 id=5
[TRACE_XBAR_B] 3435000 M side m=0 m_bvalid=0 m_bready=1
UVM_INFO ./uvm/axi_driver.sv(126) @ 3435000: uvm_test_top.env.mst_ag1.drv_m1 [TRACE] M[1] DRV AW start addr=0x00004ad4 id=2
[TRACE_XBAR_B] 3445000 M side m=0 m_bvalid=0 m_bready=1
[TRACE_W_FIFO] 3445000 W_FIFO_WR m=1 last=0 data=0x38924b08
[TRACE_XBAR_B] 3455000 M side m=0 m_bvalid=0 m_bready=1
[TRACE] 3455000 AW pre-FIFO m=1 addr=0x00004ad4 len=11
[TRACE_W] 3455000 W pre-FIFO HS m=1 last=0 data=0x38924b08 strb=0xf
[TRACE_W_FIFO] 3455000 W_FIFO_WR m=1 last=0 data=0xc1d83461
[TRACE_W_FIFO] 3455000 W_FIFO_RD m=1 last=0 data=0x38924b08
[TRACE_W_XBAR] 3455000 W_XBAR_M m=1 last=0 data=0x00000000
UVM_INFO ./uvm/axi_slave_agent.sv(84) @ 3465000: uvm_test_top.env.slv_ag2 [TRACE] S[2] SLV AW handshake id=66 addr=0x00004ad4 len=11
[TRACE_XBAR_B] 3465000 M side m=0 m_bvalid=0 m_bready=1
[TRACE_W] 3465000 W pre-FIFO HS m=1 last=0 data=0xc1d83461 strb=0xf
[TRACE] 3465000 AW at slave s=2 addr=0x00004ad4 len=11
[TRACE_W_FIFO] 3465000 W_FIFO_WR m=1 last=0 data=0xc00e318b
[TRACE_W_FIFO] 3465000 W_FIFO_RD m=1 last=0 data=0xc1d83461
[TRACE_W_XBAR] 3465000 W_XBAR_M m=1 last=0 data=0x00000000
[TRACE_W_XBAR] 3465000 W_XBAR_S s=2 last=0 data=0x00000000
UVM_INFO ./uvm/axi_slave_agent.sv(112) @ 3475000: uvm_test_top.env.slv_ag2 [TRACE] S[2] SLV W beat 0 data=0x38924b08 last=0
[TRACE_XBAR_B] 3475000 M side m=0 m_bvalid=0 m_bready=1
[TRACE_W] 3475000 W pre-FIFO HS m=1 last=0 data=0xc00e318b strb=0xf
[TRACE_W] 3475000 W slave HS s=2 last=0 data=0x38924b08
[TRACE_W_FIFO] 3475000 W_FIFO_WR m=1 last=0 data=0xb7cd7ca1
[TRACE_W_FIFO] 3475000 W_FIFO_RD m=1 last=0 data=0xc00e318b
[TRACE_W_XBAR] 3475000 W_XBAR_M m=1 last=0 data=0x00000000
[TRACE_W_XBAR] 3475000 W_XBAR_S s=2 last=0 data=0x00000000
UVM_INFO ./uvm/axi_slave_agent.sv(112) @ 3485000: uvm_test_top.env.slv_ag2 [TRACE] S[2] SLV W beat 1 data=0xc1d83461 last=0
[TRACE_XBAR_B] 3485000 M side m=0 m_bvalid=0 m_bready=1
[TRACE_W] 3485000 W pre-FIFO HS m=1 last=0 data=0xb7cd7ca1 strb=0xf
[TRACE_W] 3485000 W slave HS s=2 last=0 data=0xc1d83461
[TRACE_W_FIFO] 3485000 W_FIFO_WR m=1 last=0 data=0x6c3ab9f2
[TRACE_W_FIFO] 3485000 W_FIFO_RD m=1 last=0 data=0xb7cd7ca1
[TRACE_W_XBAR] 3485000 W_XBAR_M m=1 last=0 data=0x00000000
[TRACE_W_XBAR] 3485000 W_XBAR_S s=2 last=0 data=0x00000000
UVM_INFO ./uvm/axi_slave_agent.sv(112) @ 3495000: uvm_test_top.env.slv_ag2 [TRACE] S[2] SLV W beat 2 data=0xc00e318b last=0
[TRACE_XBAR_B] 3495000 M side m=0 m_bvalid=0 m_bready=1
[TRACE_W] 3495000 W pre-FIFO HS m=1 last=0 data=0x6c3ab9f2 strb=0xf
[TRACE_W] 3495000 W slave HS s=2 last=0 data=0xc00e318b
[TRACE_W_FIFO] 3495000 W_FIFO_WR m=1 last=0 data=0xafbdcda3
[TRACE_W_FIFO] 3495000 W_FIFO_RD m=1 last=0 data=0x6c3ab9f2
[TRACE_W_XBAR] 3495000 W_XBAR_M m=1 last=0 data=0x00000000
[TRACE_W_XBAR] 3495000 W_XBAR_S s=2 last=0 data=0x00000000
UVM_INFO ./uvm/axi_slave_agent.sv(112) @ 3505000: uvm_test_top.env.slv_ag2 [TRACE] S[2] SLV W beat 3 data=0xb7cd7ca1 last=0
[TRACE_XBAR_B] 3505000 M side m=0 m_bvalid=0 m_bready=1
[TRACE_W] 3505000 W pre-FIFO HS m=1 last=0 data=0xafbdcda3 strb=0xf
[TRACE_W] 3505000 W slave HS s=2 last=0 data=0xb7cd7ca1
[TRACE_W_FIFO] 3505000 W_FIFO_WR m=1 last=0 data=0x6d584553
[TRACE_W_FIFO] 3505000 W_FIFO_RD m=1 last=0 data=0xafbdcda3
[TRACE_W_XBAR] 3505000 W_XBAR_M m=1 last=0 data=0x00000000
[TRACE_W_XBAR] 3505000 W_XBAR_S s=2 last=0 data=0x00000000
UVM_INFO ./uvm/axi_slave_agent.sv(112) @ 3515000: uvm_test_top.env.slv_ag2 [TRACE] S[2] SLV W beat 4 data=0x6c3ab9f2 last=0
[TRACE_XBAR_B] 3515000 M side m=0 m_bvalid=0 m_bready=1
[TRACE_W] 3515000 W pre-FIFO HS m=1 last=0 data=0x6d584553 strb=0xf
[TRACE_W] 3515000 W slave HS s=2 last=0 data=0x6c3ab9f2
[TRACE_W_FIFO] 3515000 W_FIFO_WR m=1 last=0 data=0x069f9c52
[TRACE_W_FIFO] 3515000 W_FIFO_RD m=1 last=0 data=0x6d584553
[TRACE_W_XBAR] 3515000 W_XBAR_M m=1 last=0 data=0x00000000
[TRACE_W_XBAR] 3515000 W_XBAR_S s=2 last=0 data=0x00000000
UVM_INFO ./uvm/axi_slave_agent.sv(112) @ 3525000: uvm_test_top.env.slv_ag2 [TRACE] S[2] SLV W beat 5 data=0xafbdcda3 last=0
[TRACE_XBAR_B] 3525000 M side m=0 m_bvalid=0 m_bready=1
[TRACE_W] 3525000 W pre-FIFO HS m=1 last=0 data=0x069f9c52 strb=0xf
[TRACE_W] 3525000 W slave HS s=2 last=0 data=0xafbdcda3
[TRACE_W_FIFO] 3525000 W_FIFO_WR m=1 last=0 data=0x66e609fa
[TRACE_W_FIFO] 3525000 W_FIFO_RD m=1 last=0 data=0x069f9c52
[TRACE_W_XBAR] 3525000 W_XBAR_M m=1 last=0 data=0x00000000
[TRACE_W_XBAR] 3525000 W_XBAR_S s=2 last=0 data=0x00000000
UVM_INFO ./uvm/axi_slave_agent.sv(112) @ 3535000: uvm_test_top.env.slv_ag2 [TRACE] S[2] SLV W beat 6 data=0x6d584553 last=0
[TRACE_XBAR_B] 3535000 M side m=0 m_bvalid=0 m_bready=1
[TRACE_W] 3535000 W pre-FIFO HS m=1 last=0 data=0x66e609fa strb=0xf
[TRACE_W] 3535000 W slave HS s=2 last=0 data=0x6d584553
[TRACE_W_FIFO] 3535000 W_FIFO_WR m=1 last=0 data=0xf2684675
[TRACE_W_FIFO] 3535000 W_FIFO_RD m=1 last=0 data=0x66e609fa
[TRACE_W_XBAR] 3535000 W_XBAR_M m=1 last=0 data=0x00000000
[TRACE_W_XBAR] 3535000 W_XBAR_S s=2 last=0 data=0x00000000
UVM_INFO ./uvm/axi_slave_agent.sv(112) @ 3545000: uvm_test_top.env.slv_ag2 [TRACE] S[2] SLV W beat 7 data=0x069f9c52 last=0
[TRACE_XBAR_B] 3545000 M side m=0 m_bvalid=0 m_bready=1
[TRACE_W] 3545000 W pre-FIFO HS m=1 last=0 data=0xf2684675 strb=0xf
[TRACE_W] 3545000 W slave HS s=2 last=0 data=0x069f9c52
[TRACE_W_FIFO] 3545000 W_FIFO_WR m=1 last=0 data=0x5a155b64
[TRACE_W_FIFO] 3545000 W_FIFO_RD m=1 last=0 data=0xf2684675
[TRACE_W_XBAR] 3545000 W_XBAR_M m=1 last=0 data=0x00000000
[TRACE_W_XBAR] 3545000 W_XBAR_S s=2 last=0 data=0x00000000
UVM_INFO ./uvm/axi_slave_agent.sv(112) @ 3555000: uvm_test_top.env.slv_ag2 [TRACE] S[2] SLV W beat 8 data=0x66e609fa last=0
[TRACE_XBAR_B] 3555000 M side m=0 m_bvalid=0 m_bready=1
[TRACE_W] 3555000 W pre-FIFO HS m=1 last=0 data=0x5a155b64 strb=0xf
[TRACE_W] 3555000 W slave HS s=2 last=0 data=0x66e609fa
[TRACE_W_FIFO] 3555000 W_FIFO_WR m=1 last=1 data=0x081943c6
[TRACE_W_FIFO] 3555000 W_FIFO_RD m=1 last=0 data=0x5a155b64
[TRACE_W_XBAR] 3555000 W_XBAR_M m=1 last=0 data=0x00000000
[TRACE_W_XBAR] 3555000 W_XBAR_S s=2 last=0 data=0x00000000
UVM_INFO ./uvm/axi_slave_agent.sv(112) @ 3565000: uvm_test_top.env.slv_ag2 [TRACE] S[2] SLV W beat 9 data=0xf2684675 last=0
[TRACE_XBAR_B] 3565000 M side m=0 m_bvalid=0 m_bready=1
[TRACE_W] 3565000 W pre-FIFO HS m=1 last=1 data=0x081943c6 strb=0xf
[TRACE_W] 3565000 W slave HS s=2 last=0 data=0xf2684675
[TRACE_W_FIFO] 3565000 W_FIFO_RD m=1 last=1 data=0x081943c6
[TRACE_W_XBAR] 3565000 W_XBAR_M m=1 last=1 data=0x00000000
[TRACE_W_XBAR] 3565000 W_XBAR_S s=2 last=0 data=0x00000000
UVM_INFO ./uvm/axi_slave_agent.sv(112) @ 3575000: uvm_test_top.env.slv_ag2 [TRACE] S[2] SLV W beat 10 data=0x5a155b64 last=0
[TRACE_XBAR_B] 3575000 M side m=0 m_bvalid=0 m_bready=1
[TRACE_W] 3575000 W slave HS s=2 last=0 data=0x5a155b64
[TRACE_W_XBAR] 3575000 W_XBAR_S s=2 last=1 data=0x00000000
UVM_INFO ./uvm/axi_slave_agent.sv(112) @ 3585000: uvm_test_top.env.slv_ag2 [TRACE] S[2] SLV W beat 11 data=0x081943c6 last=1
[TRACE_XBAR_B] 3585000 M side m=0 m_bvalid=0 m_bready=1
[TRACE_W] 3585000 W slave HS s=2 last=1 data=0x081943c6
[TRACE_XBAR_B] 3595000 M side m=0 m_bvalid=0 m_bready=1
[TRACE] 3595000 B  from slave s=2
[TRACE_XBAR_B] 3605000 M side m=0 m_bvalid=0 m_bready=1
[TRACE] 3605000 B  to master m=1
[3615000] M[1] DRV B Handshake! BID=2 b_pending_size=1
UVM_INFO ./uvm/axi_driver.sv(190) @ 3615000: uvm_test_top.env.mst_ag1.drv_m1 [TRACE] M[1] DRV B resp=0 id=2
[TRACE_XBAR_B] 3615000 M side m=0 m_bvalid=0 m_bready=1
UVM_INFO ./uvm/axi_driver.sv(220) @ 3615000: uvm_test_top.env.mst_ag1.drv_m1 [TRACE] M[1] DRV AR start addr=0x00002a20 len=0 id=14
[TRACE_XBAR_B] 3625000 M side m=0 m_bvalid=0 m_bready=1
[TRACE_XBAR_B] 3635000 M side m=0 m_bvalid=0 m_bready=1
[TRACE] 3635000 AR pre-FIFO vld m=1 vld=1 rdy=1
[TRACE] 3635000 AR pre-FIFO out m=1 addr=0x00002a20
[TRACE] 3635000 AR pre-FIFO m=1 addr=0x00002a20 len=0
UVM_INFO ./uvm/axi_slave_agent.sv(171) @ 3645000: uvm_test_top.env.slv_ag1 [TRACE] S[1] SLV AR handshake id=78 addr=0x00002a20 len=0
[TRACE_XBAR_B] 3645000 M side m=0 m_bvalid=0 m_bready=1
[TRACE] 3645000 AR at slave s=1 addr=0x00002a20
[TRACE] 3645000 AR pre-FIFO vld m=1 vld=0 rdy=0
[TRACE] 3645000 AR at slave s=1 addr=0x00002a20 len=0
UVM_INFO ./uvm/axi_slave_agent.sv(204) @ 3645000: uvm_test_top.env.slv_ag1 [TRACE] S[1] SLV R MISS at addr=0x00002a20
[TRACE_XBAR_B] 3655000 M side m=0 m_bvalid=0 m_bready=1
[TRACE] 3655000 R  from slave s=1
[TRACE_XBAR_B] 3665000 M side m=0 m_bvalid=0 m_bready=1
[TRACE] 3665000 R  to master m=1
[TRACE_XBAR_B] 3675000 M side m=0 m_bvalid=0 m_bready=1
UVM_INFO ./uvm/axi_driver.sv(126) @ 3675000: uvm_test_top.env.mst_ag1.drv_m1 [TRACE] M[1] DRV AW start addr=0x00007a10 id=14
[TRACE_XBAR_B] 3685000 M side m=0 m_bvalid=0 m_bready=1
[TRACE_W_FIFO] 3685000 W_FIFO_WR m=1 last=0 data=0xb85cccbd
[TRACE_XBAR_B] 3695000 M side m=0 m_bvalid=0 m_bready=1
[TRACE] 3695000 AW pre-FIFO m=1 addr=0x00007a10 len=4
[TRACE_W] 3695000 W pre-FIFO HS m=1 last=0 data=0xb85cccbd strb=0xf
[TRACE_W_FIFO] 3695000 W_FIFO_WR m=1 last=0 data=0x8528d94a
[TRACE_W_FIFO] 3695000 W_FIFO_RD m=1 last=0 data=0xb85cccbd
[TRACE_W_XBAR] 3695000 W_XBAR_M m=1 last=0 data=0x00000000
UVM_INFO ./uvm/axi_slave_agent.sv(84) @ 3705000: uvm_test_top.env.slv_ag3 [TRACE] S[3] SLV AW handshake id=78 addr=0x00007a10 len=4
[TRACE_XBAR_B] 3705000 M side m=0 m_bvalid=0 m_bready=1
[TRACE_W] 3705000 W pre-FIFO HS m=1 last=0 data=0x8528d94a strb=0xf
[TRACE] 3705000 AW at slave s=3 addr=0x00007a10 len=4
[TRACE_W_FIFO] 3705000 W_FIFO_WR m=1 last=0 data=0xcf919a8a
[TRACE_W_FIFO] 3705000 W_FIFO_RD m=1 last=0 data=0x8528d94a
[TRACE_W_XBAR] 3705000 W_XBAR_M m=1 last=0 data=0x00000000
[TRACE_W_XBAR] 3705000 W_XBAR_S s=3 last=0 data=0x00000000
UVM_INFO ./uvm/axi_slave_agent.sv(112) @ 3715000: uvm_test_top.env.slv_ag3 [TRACE] S[3] SLV W beat 0 data=0xb85cccbd last=0
[TRACE_XBAR_B] 3715000 M side m=0 m_bvalid=0 m_bready=1
[TRACE_W] 3715000 W pre-FIFO HS m=1 last=0 data=0xcf919a8a strb=0xf
[TRACE_W] 3715000 W slave HS s=3 last=0 data=0xb85cccbd
[TRACE_W_FIFO] 3715000 W_FIFO_WR m=1 last=0 data=0x0c1c5614
[TRACE_W_FIFO] 3715000 W_FIFO_RD m=1 last=0 data=0xcf919a8a
[TRACE_W_XBAR] 3715000 W_XBAR_M m=1 last=0 data=0x00000000
[TRACE_W_XBAR] 3715000 W_XBAR_S s=3 last=0 data=0x00000000
UVM_INFO ./uvm/axi_slave_agent.sv(112) @ 3725000: uvm_test_top.env.slv_ag3 [TRACE] S[3] SLV W beat 1 data=0x8528d94a last=0
[TRACE_XBAR_B] 3725000 M side m=0 m_bvalid=0 m_bready=1
[TRACE_W] 3725000 W pre-FIFO HS m=1 last=0 data=0x0c1c5614 strb=0xf
[TRACE_W] 3725000 W slave HS s=3 last=0 data=0x8528d94a
[TRACE_W_FIFO] 3725000 W_FIFO_WR m=1 last=1 data=0xf87d50e3
[TRACE_W_FIFO] 3725000 W_FIFO_RD m=1 last=0 data=0x0c1c5614
[TRACE_W_XBAR] 3725000 W_XBAR_M m=1 last=0 data=0x00000000
[TRACE_W_XBAR] 3725000 W_XBAR_S s=3 last=0 data=0x00000000
UVM_INFO ./uvm/axi_slave_agent.sv(112) @ 3735000: uvm_test_top.env.slv_ag3 [TRACE] S[3] SLV W beat 2 data=0xcf919a8a last=0
[TRACE_XBAR_B] 3735000 M side m=0 m_bvalid=0 m_bready=1
[TRACE_W] 3735000 W pre-FIFO HS m=1 last=1 data=0xf87d50e3 strb=0xf
[TRACE_W] 3735000 W slave HS s=3 last=0 data=0xcf919a8a
[TRACE_W_FIFO] 3735000 W_FIFO_RD m=1 last=1 data=0xf87d50e3
[TRACE_W_XBAR] 3735000 W_XBAR_M m=1 last=1 data=0x00000000
[TRACE_W_XBAR] 3735000 W_XBAR_S s=3 last=0 data=0x00000000
UVM_INFO ./uvm/axi_slave_agent.sv(112) @ 3745000: uvm_test_top.env.slv_ag3 [TRACE] S[3] SLV W beat 3 data=0x0c1c5614 last=0
[TRACE_XBAR_B] 3745000 M side m=0 m_bvalid=0 m_bready=1
[TRACE_W] 3745000 W slave HS s=3 last=0 data=0x0c1c5614
[TRACE_W_XBAR] 3745000 W_XBAR_S s=3 last=1 data=0x00000000
UVM_INFO ./uvm/axi_slave_agent.sv(112) @ 3755000: uvm_test_top.env.slv_ag3 [TRACE] S[3] SLV W beat 4 data=0xf87d50e3 last=1
[TRACE_XBAR_B] 3755000 M side m=0 m_bvalid=0 m_bready=1
[TRACE_W] 3755000 W slave HS s=3 last=1 data=0xf87d50e3
[TRACE_XBAR_B] 3765000 M side m=0 m_bvalid=0 m_bready=1
[TRACE] 3765000 B  from slave s=3
[TRACE_XBAR_B] 3775000 M side m=0 m_bvalid=0 m_bready=1
[TRACE] 3775000 B  to master m=1
[3785000] M[1] DRV B Handshake! BID=14 b_pending_size=1
UVM_INFO ./uvm/axi_driver.sv(190) @ 3785000: uvm_test_top.env.mst_ag1.drv_m1 [TRACE] M[1] DRV B resp=0 id=14
[TRACE_XBAR_B] 3785000 M side m=0 m_bvalid=0 m_bready=1
UVM_INFO ./uvm/axi_driver.sv(220) @ 3785000: uvm_test_top.env.mst_ag1.drv_m1 [TRACE] M[1] DRV AR start addr=0x000042c8 len=5 id=3
[TRACE_XBAR_B] 3795000 M side m=0 m_bvalid=0 m_bready=1
[TRACE_XBAR_B] 3805000 M side m=0 m_bvalid=0 m_bready=1
[TRACE] 3805000 AR pre-FIFO vld m=1 vld=1 rdy=1
[TRACE] 3805000 AR pre-FIFO out m=1 addr=0x000042c8
[TRACE] 3805000 AR pre-FIFO m=1 addr=0x000042c8 len=5
UVM_INFO ./uvm/axi_slave_agent.sv(171) @ 3815000: uvm_test_top.env.slv_ag2 [TRACE] S[2] SLV AR handshake id=67 addr=0x000042c8 len=5
[TRACE_XBAR_B] 3815000 M side m=0 m_bvalid=0 m_bready=1
[TRACE] 3815000 AR at slave s=2 addr=0x000042c8
[TRACE] 3815000 AR pre-FIFO vld m=1 vld=0 rdy=0
[TRACE] 3815000 AR at slave s=2 addr=0x000042c8 len=5
UVM_INFO ./uvm/axi_slave_agent.sv(204) @ 3815000: uvm_test_top.env.slv_ag2 [TRACE] S[2] SLV R MISS at addr=0x000042c8
UVM_INFO ./uvm/axi_slave_agent.sv(204) @ 3825000: uvm_test_top.env.slv_ag2 [TRACE] S[2] SLV R MISS at addr=0x000042cc
[TRACE_XBAR_B] 3825000 M side m=0 m_bvalid=0 m_bready=1
[TRACE] 3825000 R  from slave s=2
UVM_INFO ./uvm/axi_slave_agent.sv(204) @ 3835000: uvm_test_top.env.slv_ag2 [TRACE] S[2] SLV R MISS at addr=0x000042d0
[TRACE_XBAR_B] 3835000 M side m=0 m_bvalid=0 m_bready=1
[TRACE] 3835000 R  to master m=1
[TRACE] 3835000 R  from slave s=2
UVM_INFO ./uvm/axi_slave_agent.sv(204) @ 3845000: uvm_test_top.env.slv_ag2 [TRACE] S[2] SLV R MISS at addr=0x000042d4
[TRACE_XBAR_B] 3845000 M side m=0 m_bvalid=0 m_bready=1
[TRACE] 3845000 R  to master m=1
[TRACE] 3845000 R  from slave s=2
UVM_INFO ./uvm/axi_slave_agent.sv(204) @ 3855000: uvm_test_top.env.slv_ag2 [TRACE] S[2] SLV R MISS at addr=0x000042d8
[TRACE_XBAR_B] 3855000 M side m=0 m_bvalid=0 m_bready=1
[TRACE] 3855000 R  to master m=1
[TRACE] 3855000 R  from slave s=2
UVM_INFO ./uvm/axi_slave_agent.sv(204) @ 3865000: uvm_test_top.env.slv_ag2 [TRACE] S[2] SLV R MISS at addr=0x000042dc
[TRACE_XBAR_B] 3865000 M side m=0 m_bvalid=0 m_bready=1
[TRACE] 3865000 R  to master m=1
[TRACE] 3865000 R  from slave s=2
[TRACE_XBAR_B] 3875000 M side m=0 m_bvalid=0 m_bready=1
[TRACE] 3875000 R  to master m=1
[TRACE] 3875000 R  from slave s=2
[TRACE_XBAR_B] 3885000 M side m=0 m_bvalid=0 m_bready=1
[TRACE] 3885000 R  to master m=1
[TRACE_XBAR_B] 3895000 M side m=0 m_bvalid=0 m_bready=1
UVM_INFO ./uvm/axi_driver.sv(220) @ 3895000: uvm_test_top.env.mst_ag1.drv_m1 [TRACE] M[1] DRV AR start addr=0x00006250 len=8 id=1
[TRACE_XBAR_B] 3905000 M side m=0 m_bvalid=0 m_bready=1
[TRACE_XBAR_B] 3915000 M side m=0 m_bvalid=0 m_bready=1
[TRACE] 3915000 AR pre-FIFO vld m=1 vld=1 rdy=1
[TRACE] 3915000 AR pre-FIFO out m=1 addr=0x00006250
[TRACE] 3915000 AR pre-FIFO m=1 addr=0x00006250 len=8
UVM_INFO ./uvm/axi_slave_agent.sv(171) @ 3925000: uvm_test_top.env.slv_ag3 [TRACE] S[3] SLV AR handshake id=65 addr=0x00006250 len=8
[TRACE_XBAR_B] 3925000 M side m=0 m_bvalid=0 m_bready=1
[TRACE] 3925000 AR at slave s=3 addr=0x00006250
[TRACE] 3925000 AR pre-FIFO vld m=1 vld=0 rdy=0
[TRACE] 3925000 AR at slave s=3 addr=0x00006250 len=8
[TRACE_XBAR_B] 3935000 M side m=0 m_bvalid=0 m_bready=1
[TRACE] 3935000 R  from slave s=3
[TRACE_XBAR_B] 3945000 M side m=0 m_bvalid=0 m_bready=1
[TRACE] 3945000 R  to master m=1
[TRACE] 3945000 R  from slave s=3
UVM_INFO ./uvm/axi_slave_agent.sv(204) @ 3955000: uvm_test_top.env.slv_ag3 [TRACE] S[3] SLV R MISS at addr=0x0000625c
[TRACE_XBAR_B] 3955000 M side m=0 m_bvalid=0 m_bready=1
[TRACE] 3955000 R  to master m=1
[TRACE] 3955000 R  from slave s=3
UVM_INFO ./uvm/axi_slave_agent.sv(204) @ 3965000: uvm_test_top.env.slv_ag3 [TRACE] S[3] SLV R MISS at addr=0x00006260
[TRACE_XBAR_B] 3965000 M side m=0 m_bvalid=0 m_bready=1
[TRACE] 3965000 R  to master m=1
[TRACE] 3965000 R  from slave s=3
UVM_INFO ./uvm/axi_slave_agent.sv(204) @ 3975000: uvm_test_top.env.slv_ag3 [TRACE] S[3] SLV R MISS at addr=0x00006264
[TRACE_XBAR_B] 3975000 M side m=0 m_bvalid=0 m_bready=1
[TRACE] 3975000 R  to master m=1
[TRACE] 3975000 R  from slave s=3
UVM_INFO ./uvm/axi_slave_agent.sv(204) @ 3985000: uvm_test_top.env.slv_ag3 [TRACE] S[3] SLV R MISS at addr=0x00006268
[TRACE_XBAR_B] 3985000 M side m=0 m_bvalid=0 m_bready=1
[TRACE] 3985000 R  to master m=1
[TRACE] 3985000 R  from slave s=3
UVM_INFO ./uvm/axi_slave_agent.sv(204) @ 3995000: uvm_test_top.env.slv_ag3 [TRACE] S[3] SLV R MISS at addr=0x0000626c
[TRACE_XBAR_B] 3995000 M side m=0 m_bvalid=0 m_bready=1
[TRACE] 3995000 R  to master m=1
[TRACE] 3995000 R  from slave s=3
UVM_INFO ./uvm/axi_slave_agent.sv(204) @ 4005000: uvm_test_top.env.slv_ag3 [TRACE] S[3] SLV R MISS at addr=0x00006270
[TRACE_XBAR_B] 4005000 M side m=0 m_bvalid=0 m_bready=1
[TRACE] 4005000 R  to master m=1
[TRACE] 4005000 R  from slave s=3
[TRACE_XBAR_B] 4015000 M side m=0 m_bvalid=0 m_bready=1
[TRACE] 4015000 R  to master m=1
[TRACE] 4015000 R  from slave s=3
[TRACE_XBAR_B] 4025000 M side m=0 m_bvalid=0 m_bready=1
[TRACE] 4025000 R  to master m=1
[TRACE_XBAR_B] 4035000 M side m=0 m_bvalid=0 m_bready=1
UVM_INFO ./uvm/axi_driver.sv(220) @ 4035000: uvm_test_top.env.mst_ag2.drv_m2 [TRACE] M[2] DRV AR start addr=0x00001038 len=8 id=1
[TRACE_XBAR_B] 4045000 M side m=0 m_bvalid=0 m_bready=1
[TRACE_XBAR_B] 4055000 M side m=0 m_bvalid=0 m_bready=1
[TRACE] 4055000 AR pre-FIFO vld m=2 vld=1 rdy=1
[TRACE] 4055000 AR pre-FIFO out m=2 addr=0x00001038
[TRACE] 4055000 AR pre-FIFO m=2 addr=0x00001038 len=8
UVM_INFO ./uvm/axi_slave_agent.sv(171) @ 4065000: uvm_test_top.env.slv_ag0 [TRACE] S[0] SLV AR handshake id=129 addr=0x00001038 len=8
[TRACE_XBAR_B] 4065000 M side m=0 m_bvalid=0 m_bready=1
[TRACE] 4065000 AR at slave s=0 addr=0x00001038
[TRACE] 4065000 AR pre-FIFO vld m=2 vld=0 rdy=0
[TRACE] 4065000 AR at slave s=0 addr=0x00001038 len=8
UVM_INFO ./uvm/axi_slave_agent.sv(204) @ 4065000: uvm_test_top.env.slv_ag0 [TRACE] S[0] SLV R MISS at addr=0x00001038
UVM_INFO ./uvm/axi_slave_agent.sv(204) @ 4075000: uvm_test_top.env.slv_ag0 [TRACE] S[0] SLV R MISS at addr=0x0000103c
[TRACE_XBAR_B] 4075000 M side m=0 m_bvalid=0 m_bready=1
[TRACE] 4075000 R  from slave s=0
UVM_INFO ./uvm/axi_slave_agent.sv(204) @ 4085000: uvm_test_top.env.slv_ag0 [TRACE] S[0] SLV R MISS at addr=0x00001040
[TRACE_XBAR_B] 4085000 M side m=0 m_bvalid=0 m_bready=1
[TRACE] 4085000 R  to master m=2
[TRACE] 4085000 R  from slave s=0
UVM_INFO ./uvm/axi_slave_agent.sv(204) @ 4095000: uvm_test_top.env.slv_ag0 [TRACE] S[0] SLV R MISS at addr=0x00001044
[TRACE_XBAR_B] 4095000 M side m=0 m_bvalid=0 m_bready=1
[TRACE] 4095000 R  to master m=2
[TRACE] 4095000 R  from slave s=0
UVM_INFO ./uvm/axi_slave_agent.sv(204) @ 4105000: uvm_test_top.env.slv_ag0 [TRACE] S[0] SLV R MISS at addr=0x00001048
[TRACE_XBAR_B] 4105000 M side m=0 m_bvalid=0 m_bready=1
[TRACE] 4105000 R  to master m=2
[TRACE] 4105000 R  from slave s=0
UVM_INFO ./uvm/axi_slave_agent.sv(204) @ 4115000: uvm_test_top.env.slv_ag0 [TRACE] S[0] SLV R MISS at addr=0x0000104c
[TRACE_XBAR_B] 4115000 M side m=0 m_bvalid=0 m_bready=1
[TRACE] 4115000 R  to master m=2
[TRACE] 4115000 R  from slave s=0
UVM_INFO ./uvm/axi_slave_agent.sv(204) @ 4125000: uvm_test_top.env.slv_ag0 [TRACE] S[0] SLV R MISS at addr=0x00001050
[TRACE_XBAR_B] 4125000 M side m=0 m_bvalid=0 m_bready=1
[TRACE] 4125000 R  to master m=2
[TRACE] 4125000 R  from slave s=0
UVM_INFO ./uvm/axi_slave_agent.sv(204) @ 4135000: uvm_test_top.env.slv_ag0 [TRACE] S[0] SLV R MISS at addr=0x00001054
[TRACE_XBAR_B] 4135000 M side m=0 m_bvalid=0 m_bready=1
[TRACE] 4135000 R  to master m=2
[TRACE] 4135000 R  from slave s=0
UVM_INFO ./uvm/axi_slave_agent.sv(204) @ 4145000: uvm_test_top.env.slv_ag0 [TRACE] S[0] SLV R MISS at addr=0x00001058
[TRACE_XBAR_B] 4145000 M side m=0 m_bvalid=0 m_bready=1
[TRACE] 4145000 R  to master m=2
[TRACE] 4145000 R  from slave s=0
[TRACE_XBAR_B] 4155000 M side m=0 m_bvalid=0 m_bready=1
[TRACE] 4155000 R  to master m=2
[TRACE] 4155000 R  from slave s=0
[TRACE_XBAR_B] 4165000 M side m=0 m_bvalid=0 m_bready=1
[TRACE] 4165000 R  to master m=2
[TRACE_XBAR_B] 4175000 M side m=0 m_bvalid=0 m_bready=1
UVM_INFO ./uvm/axi_driver.sv(126) @ 4175000: uvm_test_top.env.mst_ag2.drv_m2 [TRACE] M[2] DRV AW start addr=0x00004ff8 id=9
[TRACE_XBAR_B] 4185000 M side m=0 m_bvalid=0 m_bready=1
[TRACE_XBAR_B] 4195000 M side m=0 m_bvalid=0 m_bready=1
[TRACE_W_FIFO] 4195000 W_FIFO_WR m=2 last=0 data=0x6c7ca566
[TRACE_XBAR_B] 4205000 M side m=0 m_bvalid=0 m_bready=1
[TRACE] 4205000 AW pre-FIFO m=2 addr=0x00004ff8 len=1
[TRACE_W] 4205000 W pre-FIFO HS m=2 last=0 data=0x6c7ca566 strb=0xf
[TRACE_W_FIFO] 4205000 W_FIFO_WR m=2 last=1 data=0xbf5411fa
[TRACE_W_FIFO] 4205000 W_FIFO_RD m=2 last=0 data=0x6c7ca566
[TRACE_W_XBAR] 4205000 W_XBAR_M m=2 last=0 data=0x00000000
UVM_INFO ./uvm/axi_slave_agent.sv(84) @ 4215000: uvm_test_top.env.slv_ag2 [TRACE] S[2] SLV AW handshake id=153 addr=0x00004ff8 len=1
[TRACE_XBAR_B] 4215000 M side m=0 m_bvalid=0 m_bready=1
[TRACE] 4215000 AW pre-FIFO m=2 addr=0x00005000 len=2
[TRACE_W] 4215000 W pre-FIFO HS m=2 last=1 data=0xbf5411fa strb=0xf
[TRACE] 4215000 AW at slave s=2 addr=0x00004ff8 len=1
[TRACE_W_FIFO] 4215000 W_FIFO_WR m=2 last=0 data=0x98ad28c8
[TRACE_W_FIFO] 4215000 W_FIFO_RD m=2 last=1 data=0xbf5411fa
[TRACE_W_XBAR] 4215000 W_XBAR_M m=2 last=1 data=0x00000000
[TRACE_W_XBAR] 4215000 W_XBAR_S s=2 last=0 data=0x00000000
UVM_INFO ./uvm/axi_slave_agent.sv(84) @ 4225000: uvm_test_top.env.slv_ag2 [TRACE] S[2] SLV AW handshake id=169 addr=0x00005000 len=2
UVM_INFO ./uvm/axi_slave_agent.sv(112) @ 4225000: uvm_test_top.env.slv_ag2 [TRACE] S[2] SLV W beat 0 data=0x6c7ca566 last=0
[TRACE_XBAR_B] 4225000 M side m=0 m_bvalid=0 m_bready=1
[TRACE_W] 4225000 W pre-FIFO HS m=2 last=0 data=0x98ad28c8 strb=0xf
[TRACE] 4225000 AW at slave s=2 addr=0x00005000 len=2
[TRACE_W] 4225000 W slave HS s=2 last=0 data=0x6c7ca566
[TRACE_W_FIFO] 4225000 W_FIFO_WR m=2 last=0 data=0x043c9fb4
[TRACE_W_FIFO] 4225000 W_FIFO_RD m=2 last=0 data=0x98ad28c8
[TRACE_W_XBAR] 4225000 W_XBAR_M m=2 last=0 data=0x00000000
[TRACE_W_XBAR] 4225000 W_XBAR_S s=2 last=1 data=0x00000000
UVM_INFO ./uvm/axi_slave_agent.sv(112) @ 4235000: uvm_test_top.env.slv_ag2 [TRACE] S[2] SLV W beat 1 data=0xbf5411fa last=1
[TRACE_XBAR_B] 4235000 M side m=0 m_bvalid=0 m_bready=1
[TRACE_W] 4235000 W pre-FIFO HS m=2 last=0 data=0x043c9fb4 strb=0xf
[TRACE_W] 4235000 W slave HS s=2 last=1 data=0xbf5411fa
[TRACE_W_FIFO] 4235000 W_FIFO_WR m=2 last=1 data=0xedfe46e9
[TRACE_W_FIFO] 4235000 W_FIFO_RD m=2 last=0 data=0x043c9fb4
[TRACE_W_XBAR] 4235000 W_XBAR_M m=2 last=0 data=0x00000000
[TRACE_W_XBAR] 4235000 W_XBAR_S s=2 last=0 data=0x00000000
UVM_INFO ./uvm/axi_slave_agent.sv(112) @ 4245000: uvm_test_top.env.slv_ag2 [TRACE] S[2] SLV W beat 0 data=0x98ad28c8 last=0
[TRACE_XBAR_B] 4245000 M side m=0 m_bvalid=0 m_bready=1
[TRACE_W] 4245000 W pre-FIFO HS m=2 last=1 data=0xedfe46e9 strb=0xf
[TRACE_W] 4245000 W slave HS s=2 last=0 data=0x98ad28c8
[TRACE] 4245000 B  from slave s=2
[TRACE_W_FIFO] 4245000 W_FIFO_RD m=2 last=1 data=0xedfe46e9
[TRACE_W_XBAR] 4245000 W_XBAR_M m=2 last=1 data=0x00000000
[TRACE_W_XBAR] 4245000 W_XBAR_S s=2 last=0 data=0x00000000
UVM_ERROR ./uvm/axi_scoreboard_data.sv(75) @ 4245000: uvm_test_top.env.sb [SLV_W] S[2] W beat with no pending AW in slv_aw_order
UVM_INFO ./uvm/axi_slave_agent.sv(112) @ 4255000: uvm_test_top.env.slv_ag2 [TRACE] S[2] SLV W beat 1 data=0x043c9fb4 last=0
[TRACE_XBAR_B] 4255000 M side m=0 m_bvalid=0 m_bready=1
[TRACE] 4255000 B  to master m=2
[TRACE_W] 4255000 W slave HS s=2 last=0 data=0x043c9fb4
[TRACE_W_XBAR] 4255000 W_XBAR_S s=2 last=1 data=0x00000000
UVM_ERROR ./uvm/axi_scoreboard_data.sv(75) @ 4255000: uvm_test_top.env.sb [SLV_W] S[2] W beat with no pending AW in slv_aw_order
UVM_INFO ./uvm/axi_slave_agent.sv(112) @ 4265000: uvm_test_top.env.slv_ag2 [TRACE] S[2] SLV W beat 2 data=0xedfe46e9 last=1
[TRACE_XBAR_B] 4265000 M side m=0 m_bvalid=0 m_bready=1
[TRACE_W] 4265000 W slave HS s=2 last=1 data=0xedfe46e9
UVM_ERROR ./uvm/axi_scoreboard_data.sv(75) @ 4265000: uvm_test_top.env.sb [SLV_W] S[2] W beat with no pending AW in slv_aw_order
[TRACE_XBAR_B] 4275000 M side m=0 m_bvalid=0 m_bready=1
[TRACE] 4275000 B  from slave s=2
[TRACE_XBAR_B] 4285000 M side m=0 m_bvalid=0 m_bready=1
[TRACE] 4285000 B  to master m=2
[TRACE_XBAR_B] 4295000 M side m=0 m_bvalid=0 m_bready=1
[4305000] M[2] DRV B Handshake! BID=9 b_pending_size=1
UVM_INFO ./uvm/axi_driver.sv(190) @ 4305000: uvm_test_top.env.mst_ag2.drv_m2 [TRACE] M[2] DRV B resp=0 id=9
[TRACE_XBAR_B] 4305000 M side m=0 m_bvalid=0 m_bready=1
UVM_INFO ./uvm/axi_driver.sv(126) @ 4305000: uvm_test_top.env.mst_ag2.drv_m2 [TRACE] M[2] DRV AW start addr=0x000032fc id=14
[TRACE_XBAR_B] 4315000 M side m=0 m_bvalid=0 m_bready=1
[TRACE_W_FIFO] 4315000 W_FIFO_WR m=2 last=0 data=0x34c33040
[TRACE_XBAR_B] 4325000 M side m=0 m_bvalid=0 m_bready=1
[TRACE] 4325000 AW pre-FIFO m=2 addr=0x000032fc len=11
[TRACE_W] 4325000 W pre-FIFO HS m=2 last=0 data=0x34c33040 strb=0xf
[TRACE_W_FIFO] 4325000 W_FIFO_WR m=2 last=0 data=0xc290ac2e
[TRACE_W_FIFO] 4325000 W_FIFO_RD m=2 last=0 data=0x34c33040
[TRACE_W_XBAR] 4325000 W_XBAR_M m=2 last=0 data=0x00000000
UVM_INFO ./uvm/axi_slave_agent.sv(84) @ 4335000: uvm_test_top.env.slv_ag1 [TRACE] S[1] SLV AW handshake id=142 addr=0x000032fc len=11
[TRACE_XBAR_B] 4335000 M side m=0 m_bvalid=0 m_bready=1
[TRACE_W] 4335000 W pre-FIFO HS m=2 last=0 data=0xc290ac2e strb=0xf
[TRACE] 4335000 AW at slave s=1 addr=0x000032fc len=11
[TRACE_W_FIFO] 4335000 W_FIFO_WR m=2 last=0 data=0x7348388c
[TRACE_W_FIFO] 4335000 W_FIFO_RD m=2 last=0 data=0xc290ac2e
[TRACE_W_XBAR] 4335000 W_XBAR_M m=2 last=0 data=0x00000000
[TRACE_W_XBAR] 4335000 W_XBAR_S s=1 last=0 data=0x00000000
[TRACE_W_XBAR] 4335000 W_XBAR_S s=2 last=0 data=0x00000000
UVM_INFO ./uvm/axi_slave_agent.sv(112) @ 4345000: uvm_test_top.env.slv_ag1 [TRACE] S[1] SLV W beat 0 data=0x34c33040 last=0
[TRACE_XBAR_B] 4345000 M side m=0 m_bvalid=0 m_bready=1
[TRACE_W] 4345000 W pre-FIFO HS m=2 last=0 data=0x7348388c strb=0xf
[TRACE_W] 4345000 W slave HS s=1 last=0 data=0x34c33040
[TRACE_W] 4345000 W slave STALL s=2 vld=1 rdy=0 last=0
[TRACE_W_FIFO] 4345000 W_FIFO_WR m=2 last=0 data=0x1c695b7b
[TRACE_W_FIFO] 4345000 W_FIFO_RD m=2 last=0 data=0x7348388c
[TRACE_W_XBAR] 4345000 W_XBAR_M m=2 last=0 data=0x00000000
[TRACE_W_XBAR] 4345000 W_XBAR_S s=1 last=0 data=0x00000000
[TRACE_W_XBAR] 4345000 W_XBAR_S s=2 last=0 data=0x00000000
UVM_INFO ./uvm/axi_slave_agent.sv(112) @ 4355000: uvm_test_top.env.slv_ag1 [TRACE] S[1] SLV W beat 1 data=0xc290ac2e last=0
[TRACE_XBAR_B] 4355000 M side m=0 m_bvalid=0 m_bready=1
[TRACE_W] 4355000 W pre-FIFO HS m=2 last=0 data=0x1c695b7b strb=0xf
[TRACE_W] 4355000 W slave HS s=1 last=0 data=0xc290ac2e
[TRACE_W] 4355000 W slave STALL s=2 vld=1 rdy=0 last=0
[TRACE_W_FIFO] 4355000 W_FIFO_WR m=2 last=0 data=0xda89d441
[TRACE_W_FIFO] 4355000 W_FIFO_RD m=2 last=0 data=0x1c695b7b
[TRACE_W_XBAR] 4355000 W_XBAR_M m=2 last=0 data=0x00000000
[TRACE_W_XBAR] 4355000 W_XBAR_S s=1 last=0 data=0x00000000
[TRACE_W_XBAR] 4355000 W_XBAR_S s=2 last=0 data=0x00000000
UVM_INFO ./uvm/axi_slave_agent.sv(112) @ 4365000: uvm_test_top.env.slv_ag1 [TRACE] S[1] SLV W beat 2 data=0x7348388c last=0
[TRACE_XBAR_B] 4365000 M side m=0 m_bvalid=0 m_bready=1
[TRACE_W] 4365000 W pre-FIFO HS m=2 last=0 data=0xda89d441 strb=0xf
[TRACE_W] 4365000 W slave HS s=1 last=0 data=0x7348388c
[TRACE_W] 4365000 W slave STALL s=2 vld=1 rdy=0 last=0
[TRACE_W_FIFO] 4365000 W_FIFO_WR m=2 last=0 data=0x24252a19
[TRACE_W_FIFO] 4365000 W_FIFO_RD m=2 last=0 data=0xda89d441
[TRACE_W_XBAR] 4365000 W_XBAR_M m=2 last=0 data=0x00000000
[TRACE_W_XBAR] 4365000 W_XBAR_S s=1 last=0 data=0x00000000
[TRACE_W_XBAR] 4365000 W_XBAR_S s=2 last=0 data=0x00000000
UVM_INFO ./uvm/axi_slave_agent.sv(112) @ 4375000: uvm_test_top.env.slv_ag1 [TRACE] S[1] SLV W beat 3 data=0x1c695b7b last=0
[TRACE_XBAR_B] 4375000 M side m=0 m_bvalid=0 m_bready=1
[TRACE_W] 4375000 W pre-FIFO HS m=2 last=0 data=0x24252a19 strb=0xf
[TRACE_W] 4375000 W slave HS s=1 last=0 data=0x1c695b7b
[TRACE_W] 4375000 W slave STALL s=2 vld=1 rdy=0 last=0
[TRACE_W_FIFO] 4375000 W_FIFO_WR m=2 last=0 data=0xc211b216
[TRACE_W_FIFO] 4375000 W_FIFO_RD m=2 last=0 data=0x24252a19
[TRACE_W_XBAR] 4375000 W_XBAR_M m=2 last=0 data=0x00000000
[TRACE_W_XBAR] 4375000 W_XBAR_S s=1 last=0 data=0x00000000
[TRACE_W_XBAR] 4375000 W_XBAR_S_STALL s=2 vld=1 rdy=0
UVM_INFO ./uvm/axi_slave_agent.sv(112) @ 4385000: uvm_test_top.env.slv_ag1 [TRACE] S[1] SLV W beat 4 data=0xda89d441 last=0
[TRACE_XBAR_B] 4385000 M side m=0 m_bvalid=0 m_bready=1
[TRACE_W] 4385000 W pre-FIFO HS m=2 last=0 data=0xc211b216 strb=0xf
[TRACE_W] 4385000 W slave HS s=1 last=0 data=0xda89d441
[TRACE_W] 4385000 W slave STALL s=2 vld=1 rdy=0 last=0
[TRACE_W_FIFO] 4385000 W_FIFO_WR m=2 last=0 data=0xbfe59d02
[TRACE_W_FIFO] 4385000 W_FIFO_RD m=2 last=0 data=0xc211b216
[TRACE_W_XBAR] 4385000 W_XBAR_M m=2 last=0 data=0x00000000
[TRACE_W_XBAR] 4385000 W_XBAR_S s=1 last=0 data=0x00000000
[TRACE_W_XBAR] 4385000 W_XBAR_S_STALL s=2 vld=1 rdy=0
UVM_INFO ./uvm/axi_slave_agent.sv(112) @ 4395000: uvm_test_top.env.slv_ag1 [TRACE] S[1] SLV W beat 5 data=0x24252a19 last=0
[TRACE_XBAR_B] 4395000 M side m=0 m_bvalid=0 m_bready=1
[TRACE_W] 4395000 W pre-FIFO HS m=2 last=0 data=0xbfe59d02 strb=0xf
[TRACE_W] 4395000 W slave HS s=1 last=0 data=0x24252a19
[TRACE_W] 4395000 W slave STALL s=2 vld=1 rdy=0 last=0
[TRACE_W_FIFO] 4395000 W_FIFO_WR m=2 last=0 data=0xfac5f6e1
[TRACE_W_FIFO] 4395000 W_FIFO_RD m=2 last=0 data=0xbfe59d02
[TRACE_W_XBAR] 4395000 W_XBAR_M m=2 last=0 data=0x00000000
[TRACE_W_XBAR] 4395000 W_XBAR_S s=1 last=0 data=0x00000000
[TRACE_W_XBAR] 4395000 W_XBAR_S_STALL s=2 vld=1 rdy=0
UVM_INFO ./uvm/axi_slave_agent.sv(112) @ 4405000: uvm_test_top.env.slv_ag1 [TRACE] S[1] SLV W beat 6 data=0xc211b216 last=0
[TRACE_XBAR_B] 4405000 M side m=0 m_bvalid=0 m_bready=1
[TRACE_W] 4405000 W pre-FIFO HS m=2 last=0 data=0xfac5f6e1 strb=0xf
[TRACE_W] 4405000 W slave HS s=1 last=0 data=0xc211b216
[TRACE_W] 4405000 W slave STALL s=2 vld=1 rdy=0 last=0
[TRACE_W_FIFO] 4405000 W_FIFO_WR m=2 last=0 data=0x13413840
[TRACE_W_FIFO] 4405000 W_FIFO_RD m=2 last=0 data=0xfac5f6e1
[TRACE_W_XBAR] 4405000 W_XBAR_M m=2 last=0 data=0x00000000
[TRACE_W_XBAR] 4405000 W_XBAR_S s=1 last=0 data=0x00000000
[TRACE_W_XBAR] 4405000 W_XBAR_S_STALL s=2 vld=1 rdy=0
UVM_INFO ./uvm/axi_slave_agent.sv(112) @ 4415000: uvm_test_top.env.slv_ag1 [TRACE] S[1] SLV W beat 7 data=0xbfe59d02 last=0
[TRACE_XBAR_B] 4415000 M side m=0 m_bvalid=0 m_bready=1
[TRACE_W] 4415000 W pre-FIFO HS m=2 last=0 data=0x13413840 strb=0xf
[TRACE_W] 4415000 W slave HS s=1 last=0 data=0xbfe59d02
[TRACE_W] 4415000 W slave STALL s=2 vld=1 rdy=0 last=0
[TRACE_W_FIFO] 4415000 W_FIFO_WR m=2 last=0 data=0xb38472f0
[TRACE_W_FIFO] 4415000 W_FIFO_RD m=2 last=0 data=0x13413840
[TRACE_W_XBAR] 4415000 W_XBAR_M m=2 last=0 data=0x00000000
[TRACE_W_XBAR] 4415000 W_XBAR_S s=1 last=0 data=0x00000000
[TRACE_W_XBAR] 4415000 W_XBAR_S_STALL s=2 vld=1 rdy=0
UVM_INFO ./uvm/axi_slave_agent.sv(112) @ 4425000: uvm_test_top.env.slv_ag1 [TRACE] S[1] SLV W beat 8 data=0xfac5f6e1 last=0
[TRACE_XBAR_B] 4425000 M side m=0 m_bvalid=0 m_bready=1
[TRACE_W] 4425000 W pre-FIFO HS m=2 last=0 data=0xb38472f0 strb=0xf
[TRACE_W] 4425000 W slave HS s=1 last=0 data=0xfac5f6e1
[TRACE_W] 4425000 W slave STALL s=2 vld=1 rdy=0 last=0
[TRACE_W_FIFO] 4425000 W_FIFO_WR m=2 last=1 data=0xfee6c297
[TRACE_W_FIFO] 4425000 W_FIFO_RD m=2 last=0 data=0xb38472f0
[TRACE_W_XBAR] 4425000 W_XBAR_M m=2 last=0 data=0x00000000
[TRACE_W_XBAR] 4425000 W_XBAR_S s=1 last=0 data=0x00000000
[TRACE_W_XBAR] 4425000 W_XBAR_S_STALL s=2 vld=1 rdy=0
UVM_INFO ./uvm/axi_slave_agent.sv(112) @ 4435000: uvm_test_top.env.slv_ag1 [TRACE] S[1] SLV W beat 9 data=0x13413840 last=0
[TRACE_XBAR_B] 4435000 M side m=0 m_bvalid=0 m_bready=1
[TRACE_W] 4435000 W pre-FIFO HS m=2 last=1 data=0xfee6c297 strb=0xf
[TRACE_W] 4435000 W slave HS s=1 last=0 data=0x13413840
[TRACE_W] 4435000 W slave STALL s=2 vld=1 rdy=0 last=0
[TRACE_W_FIFO] 4435000 W_FIFO_RD m=2 last=1 data=0xfee6c297
[TRACE_W_XBAR] 4435000 W_XBAR_M m=2 last=1 data=0x00000000
[TRACE_W_XBAR] 4435000 W_XBAR_S s=1 last=0 data=0x00000000
[TRACE_W_XBAR] 4435000 W_XBAR_S_STALL s=2 vld=1 rdy=0
UVM_INFO ./uvm/axi_slave_agent.sv(112) @ 4445000: uvm_test_top.env.slv_ag1 [TRACE] S[1] SLV W beat 10 data=0xb38472f0 last=0
[TRACE_XBAR_B] 4445000 M side m=0 m_bvalid=0 m_bready=1
[TRACE_W] 4445000 W slave HS s=1 last=0 data=0xb38472f0
[TRACE_W] 4445000 W slave STALL s=2 vld=1 rdy=0 last=0
[TRACE_W_XBAR] 4445000 W_XBAR_S s=1 last=1 data=0x00000000
[TRACE_W_XBAR] 4445000 W_XBAR_S_STALL s=2 vld=1 rdy=0
UVM_INFO ./uvm/axi_slave_agent.sv(112) @ 4455000: uvm_test_top.env.slv_ag1 [TRACE] S[1] SLV W beat 11 data=0xfee6c297 last=1
[TRACE_XBAR_B] 4455000 M side m=0 m_bvalid=0 m_bready=1
[TRACE_W] 4455000 W slave HS s=1 last=1 data=0xfee6c297
[TRACE_W] 4455000 W slave STALL s=2 vld=1 rdy=0 last=0
[TRACE_W_XBAR] 4455000 W_XBAR_S_STALL s=2 vld=1 rdy=0
[TRACE_XBAR_B] 4465000 M side m=0 m_bvalid=0 m_bready=1
[TRACE] 4465000 B  from slave s=1
[TRACE_W] 4465000 W slave STALL s=2 vld=1 rdy=0 last=0
[TRACE_W_XBAR] 4465000 W_XBAR_S_STALL s=2 vld=1 rdy=0
[TRACE_XBAR_B] 4475000 M side m=0 m_bvalid=0 m_bready=1
[TRACE] 4475000 B  to master m=2
[TRACE_W] 4475000 W slave STALL s=2 vld=1 rdy=0 last=0
[TRACE_W_XBAR] 4475000 W_XBAR_S_STALL s=2 vld=1 rdy=0
[4485000] M[2] DRV B Handshake! BID=14 b_pending_size=1
UVM_INFO ./uvm/axi_driver.sv(190) @ 4485000: uvm_test_top.env.mst_ag2.drv_m2 [TRACE] M[2] DRV B resp=0 id=14
[TRACE_XBAR_B] 4485000 M side m=0 m_bvalid=0 m_bready=1
[TRACE_W] 4485000 W slave STALL s=2 vld=1 rdy=0 last=0
[TRACE_W_XBAR] 4485000 W_XBAR_S_STALL s=2 vld=1 rdy=0
UVM_INFO ./uvm/axi_driver.sv(220) @ 4485000: uvm_test_top.env.mst_ag2.drv_m2 [TRACE] M[2] DRV AR start addr=0x00000cac len=6 id=9
[TRACE_XBAR_B] 4495000 M side m=0 m_bvalid=0 m_bready=1
[TRACE_W] 4495000 W slave STALL s=2 vld=1 rdy=0 last=0
[TRACE_W_XBAR] 4495000 W_XBAR_S_STALL s=2 vld=1 rdy=0
[TRACE_XBAR_B] 4505000 M side m=0 m_bvalid=0 m_bready=1
[TRACE] 4505000 AR pre-FIFO vld m=2 vld=1 rdy=1
[TRACE] 4505000 AR pre-FIFO out m=2 addr=0x00000cac
[TRACE] 4505000 AR pre-FIFO m=2 addr=0x00000cac len=6
[TRACE_W] 4505000 W slave STALL s=2 vld=1 rdy=0 last=0
[TRACE_W_XBAR] 4505000 W_XBAR_S_STALL s=2 vld=1 rdy=0
UVM_INFO ./uvm/axi_slave_agent.sv(171) @ 4515000: uvm_test_top.env.slv_ag0 [TRACE] S[0] SLV AR handshake id=137 addr=0x00000cac len=6
[TRACE_XBAR_B] 4515000 M side m=0 m_bvalid=0 m_bready=1
[TRACE] 4515000 AR at slave s=0 addr=0x00000cac
[TRACE] 4515000 AR pre-FIFO vld m=2 vld=0 rdy=0
[TRACE] 4515000 AR at slave s=0 addr=0x00000cac len=6
[TRACE_W] 4515000 W slave STALL s=2 vld=1 rdy=0 last=0
[TRACE_W_XBAR] 4515000 W_XBAR_S_STALL s=2 vld=1 rdy=0
UVM_INFO ./uvm/axi_slave_agent.sv(204) @ 4515000: uvm_test_top.env.slv_ag0 [TRACE] S[0] SLV R MISS at addr=0x00000cac
UVM_INFO ./uvm/axi_slave_agent.sv(204) @ 4525000: uvm_test_top.env.slv_ag0 [TRACE] S[0] SLV R MISS at addr=0x00000cb0
[TRACE_XBAR_B] 4525000 M side m=0 m_bvalid=0 m_bready=1
[TRACE] 4525000 R  from slave s=0
[TRACE_W] 4525000 W slave STALL s=2 vld=1 rdy=0 last=0
[TRACE_W_XBAR] 4525000 W_XBAR_S_STALL s=2 vld=1 rdy=0
UVM_INFO ./uvm/axi_slave_agent.sv(204) @ 4535000: uvm_test_top.env.slv_ag0 [TRACE] S[0] SLV R MISS at addr=0x00000cb4
[TRACE_XBAR_B] 4535000 M side m=0 m_bvalid=0 m_bready=1
[TRACE] 4535000 R  to master m=2
[TRACE] 4535000 R  from slave s=0
[TRACE_W] 4535000 W slave STALL s=2 vld=1 rdy=0 last=0
[TRACE_W_XBAR] 4535000 W_XBAR_S_STALL s=2 vld=1 rdy=0
UVM_INFO ./uvm/axi_slave_agent.sv(204) @ 4545000: uvm_test_top.env.slv_ag0 [TRACE] S[0] SLV R MISS at addr=0x00000cb8
[TRACE_XBAR_B] 4545000 M side m=0 m_bvalid=0 m_bready=1
[TRACE] 4545000 R  to master m=2
[TRACE] 4545000 R  from slave s=0
[TRACE_W] 4545000 W slave STALL s=2 vld=1 rdy=0 last=0
[TRACE_W_XBAR] 4545000 W_XBAR_S_STALL s=2 vld=1 rdy=0
UVM_INFO ./uvm/axi_slave_agent.sv(204) @ 4555000: uvm_test_top.env.slv_ag0 [TRACE] S[0] SLV R MISS at addr=0x00000cbc
[TRACE_XBAR_B] 4555000 M side m=0 m_bvalid=0 m_bready=1
[TRACE] 4555000 R  to master m=2
[TRACE] 4555000 R  from slave s=0
[TRACE_W] 4555000 W slave STALL s=2 vld=1 rdy=0 last=0
[TRACE_W_XBAR] 4555000 W_XBAR_S_STALL s=2 vld=1 rdy=0
UVM_INFO ./uvm/axi_slave_agent.sv(204) @ 4565000: uvm_test_top.env.slv_ag0 [TRACE] S[0] SLV R MISS at addr=0x00000cc0
[TRACE_XBAR_B] 4565000 M side m=0 m_bvalid=0 m_bready=1
[TRACE] 4565000 R  to master m=2
[TRACE] 4565000 R  from slave s=0
[TRACE_W] 4565000 W slave STALL s=2 vld=1 rdy=0 last=0
[TRACE_W_XBAR] 4565000 W_XBAR_S_STALL s=2 vld=1 rdy=0
UVM_INFO ./uvm/axi_slave_agent.sv(204) @ 4575000: uvm_test_top.env.slv_ag0 [TRACE] S[0] SLV R MISS at addr=0x00000cc4
[TRACE_XBAR_B] 4575000 M side m=0 m_bvalid=0 m_bready=1
[TRACE] 4575000 R  to master m=2
[TRACE] 4575000 R  from slave s=0
[TRACE_W] 4575000 W slave STALL s=2 vld=1 rdy=0 last=0
[TRACE_W_XBAR] 4575000 W_XBAR_S_STALL s=2 vld=1 rdy=0
[TRACE_XBAR_B] 4585000 M side m=0 m_bvalid=0 m_bready=1
[TRACE] 4585000 R  to master m=2
[TRACE] 4585000 R  from slave s=0
[TRACE_W] 4585000 W slave STALL s=2 vld=1 rdy=0 last=0
[TRACE_W_XBAR] 4585000 W_XBAR_S_STALL s=2 vld=1 rdy=0
[TRACE_XBAR_B] 4595000 M side m=0 m_bvalid=0 m_bready=1
[TRACE] 4595000 R  to master m=2
[TRACE_W] 4595000 W slave STALL s=2 vld=1 rdy=0 last=0
[TRACE_W_XBAR] 4595000 W_XBAR_S_STALL s=2 vld=1 rdy=0
[TRACE_XBAR_B] 4605000 M side m=0 m_bvalid=0 m_bready=1
[TRACE_W] 4605000 W slave STALL s=2 vld=1 rdy=0 last=0
[TRACE_W_XBAR] 4605000 W_XBAR_S_STALL s=2 vld=1 rdy=0
UVM_INFO ./uvm/axi_driver.sv(126) @ 4605000: uvm_test_top.env.mst_ag2.drv_m2 [TRACE] M[2] DRV AW start addr=0x00002584 id=7
[TRACE_XBAR_B] 4615000 M side m=0 m_bvalid=0 m_bready=1
[TRACE_W] 4615000 W slave STALL s=2 vld=1 rdy=0 last=0
[TRACE_W_FIFO] 4615000 W_FIFO_WR m=2 last=0 data=0xa440c76f
[TRACE_W_XBAR] 4615000 W_XBAR_S_STALL s=2 vld=1 rdy=0
[TRACE_XBAR_B] 4625000 M side m=0 m_bvalid=0 m_bready=1
[TRACE] 4625000 AW pre-FIFO m=2 addr=0x00002584 len=12
[TRACE_W] 4625000 W pre-FIFO HS m=2 last=0 data=0xa440c76f strb=0xf
[TRACE_W] 4625000 W slave STALL s=2 vld=1 rdy=0 last=0
[TRACE_W_FIFO] 4625000 W_FIFO_WR m=2 last=0 data=0x1b25b30e
[TRACE_W_FIFO] 4625000 W_FIFO_RD m=2 last=0 data=0xa440c76f
[TRACE_W_XBAR] 4625000 W_XBAR_M m=2 last=0 data=0x00000000
[TRACE_W_XBAR] 4625000 W_XBAR_S_STALL s=2 vld=1 rdy=0
UVM_INFO ./uvm/axi_slave_agent.sv(84) @ 4635000: uvm_test_top.env.slv_ag1 [TRACE] S[1] SLV AW handshake id=135 addr=0x00002584 len=12
[TRACE_XBAR_B] 4635000 M side m=0 m_bvalid=0 m_bready=1
[TRACE_W] 4635000 W pre-FIFO HS m=2 last=0 data=0x1b25b30e strb=0xf
[TRACE] 4635000 AW at slave s=1 addr=0x00002584 len=12
[TRACE_W] 4635000 W slave STALL s=2 vld=1 rdy=0 last=0
[TRACE_W_FIFO] 4635000 W_FIFO_WR m=2 last=0 data=0x9b0d6e28
[TRACE_W_FIFO] 4635000 W_FIFO_RD m=2 last=0 data=0x1b25b30e
[TRACE_W_XBAR] 4635000 W_XBAR_M m=2 last=0 data=0x00000000
[TRACE_W_XBAR] 4635000 W_XBAR_S s=1 last=0 data=0x00000000
[TRACE_W_XBAR] 4635000 W_XBAR_S_STALL s=2 vld=1 rdy=0
UVM_INFO ./uvm/axi_slave_agent.sv(112) @ 4645000: uvm_test_top.env.slv_ag1 [TRACE] S[1] SLV W beat 0 data=0xa440c76f last=0
[TRACE_XBAR_B] 4645000 M side m=0 m_bvalid=0 m_bready=1
[TRACE_W] 4645000 W pre-FIFO HS m=2 last=0 data=0x9b0d6e28 strb=0xf
[TRACE_W] 4645000 W slave HS s=1 last=0 data=0xa440c76f
[TRACE_W] 4645000 W slave STALL s=2 vld=1 rdy=0 last=0
[TRACE_W_FIFO] 4645000 W_FIFO_WR m=2 last=0 data=0x35d9528b
[TRACE_W_FIFO] 4645000 W_FIFO_RD m=2 last=0 data=0x9b0d6e28
[TRACE_W_XBAR] 4645000 W_XBAR_M m=2 last=0 data=0x00000000
[TRACE_W_XBAR] 4645000 W_XBAR_S s=1 last=0 data=0x00000000
[TRACE_W_XBAR] 4645000 W_XBAR_S_STALL s=2 vld=1 rdy=0
UVM_INFO ./uvm/axi_slave_agent.sv(112) @ 4655000: uvm_test_top.env.slv_ag1 [TRACE] S[1] SLV W beat 1 data=0x1b25b30e last=0
[TRACE_XBAR_B] 4655000 M side m=0 m_bvalid=0 m_bready=1
[TRACE_W] 4655000 W pre-FIFO HS m=2 last=0 data=0x35d9528b strb=0xf
[TRACE_W] 4655000 W slave HS s=1 last=0 data=0x1b25b30e
[TRACE_W] 4655000 W slave STALL s=2 vld=1 rdy=0 last=0
[TRACE_W_FIFO] 4655000 W_FIFO_WR m=2 last=0 data=0xf6290ce7
[TRACE_W_FIFO] 4655000 W_FIFO_RD m=2 last=0 data=0x35d9528b
[TRACE_W_XBAR] 4655000 W_XBAR_M m=2 last=0 data=0x00000000
[TRACE_W_XBAR] 4655000 W_XBAR_S s=1 last=0 data=0x00000000
[TRACE_W_XBAR] 4655000 W_XBAR_S_STALL s=2 vld=1 rdy=0
UVM_INFO ./uvm/axi_slave_agent.sv(112) @ 4665000: uvm_test_top.env.slv_ag1 [TRACE] S[1] SLV W beat 2 data=0x9b0d6e28 last=0
[TRACE_XBAR_B] 4665000 M side m=0 m_bvalid=0 m_bready=1
[TRACE_W] 4665000 W pre-FIFO HS m=2 last=0 data=0xf6290ce7 strb=0xf
[TRACE_W] 4665000 W slave HS s=1 last=0 data=0x9b0d6e28
[TRACE_W] 4665000 W slave STALL s=2 vld=1 rdy=0 last=0
[TRACE_W_FIFO] 4665000 W_FIFO_WR m=2 last=0 data=0x5f6f646a
[TRACE_W_FIFO] 4665000 W_FIFO_RD m=2 last=0 data=0xf6290ce7
[TRACE_W_XBAR] 4665000 W_XBAR_M m=2 last=0 data=0x00000000
[TRACE_W_XBAR] 4665000 W_XBAR_S s=1 last=0 data=0x00000000
[TRACE_W_XBAR] 4665000 W_XBAR_S_STALL s=2 vld=1 rdy=0
UVM_INFO ./uvm/axi_slave_agent.sv(112) @ 4675000: uvm_test_top.env.slv_ag1 [TRACE] S[1] SLV W beat 3 data=0x35d9528b last=0
[TRACE_XBAR_B] 4675000 M side m=0 m_bvalid=0 m_bready=1
[TRACE_W] 4675000 W pre-FIFO HS m=2 last=0 data=0x5f6f646a strb=0xf
[TRACE_W] 4675000 W slave HS s=1 last=0 data=0x35d9528b
[TRACE_W] 4675000 W slave STALL s=2 vld=1 rdy=0 last=0
[TRACE_W_FIFO] 4675000 W_FIFO_WR m=2 last=0 data=0x5a971066
[TRACE_W_FIFO] 4675000 W_FIFO_RD m=2 last=0 data=0x5f6f646a
[TRACE_W_XBAR] 4675000 W_XBAR_M m=2 last=0 data=0x00000000
[TRACE_W_XBAR] 4675000 W_XBAR_S s=1 last=0 data=0x00000000
[TRACE_W_XBAR] 4675000 W_XBAR_S_STALL s=2 vld=1 rdy=0
UVM_INFO ./uvm/axi_slave_agent.sv(112) @ 4685000: uvm_test_top.env.slv_ag1 [TRACE] S[1] SLV W beat 4 data=0xf6290ce7 last=0
[TRACE_XBAR_B] 4685000 M side m=0 m_bvalid=0 m_bready=1
[TRACE_W] 4685000 W pre-FIFO HS m=2 last=0 data=0x5a971066 strb=0xf
[TRACE_W] 4685000 W slave HS s=1 last=0 data=0xf6290ce7
[TRACE_W] 4685000 W slave STALL s=2 vld=1 rdy=0 last=0
[TRACE_W_FIFO] 4685000 W_FIFO_WR m=2 last=0 data=0x27e1c58f
[TRACE_W_FIFO] 4685000 W_FIFO_RD m=2 last=0 data=0x5a971066
[TRACE_W_XBAR] 4685000 W_XBAR_M m=2 last=0 data=0x00000000
[TRACE_W_XBAR] 4685000 W_XBAR_S s=1 last=0 data=0x00000000
[TRACE_W_XBAR] 4685000 W_XBAR_S_STALL s=2 vld=1 rdy=0
UVM_INFO ./uvm/axi_slave_agent.sv(112) @ 4695000: uvm_test_top.env.slv_ag1 [TRACE] S[1] SLV W beat 5 data=0x5f6f646a last=0
[TRACE_XBAR_B] 4695000 M side m=0 m_bvalid=0 m_bready=1
[TRACE_W] 4695000 W pre-FIFO HS m=2 last=0 data=0x27e1c58f strb=0xf
[TRACE_W] 4695000 W slave HS s=1 last=0 data=0x5f6f646a
[TRACE_W] 4695000 W slave STALL s=2 vld=1 rdy=0 last=0
[TRACE_W_FIFO] 4695000 W_FIFO_WR m=2 last=0 data=0x42aa88b9
[TRACE_W_FIFO] 4695000 W_FIFO_RD m=2 last=0 data=0x27e1c58f
[TRACE_W_XBAR] 4695000 W_XBAR_M m=2 last=0 data=0x00000000
[TRACE_W_XBAR] 4695000 W_XBAR_S s=1 last=0 data=0x00000000
[TRACE_W_XBAR] 4695000 W_XBAR_S_STALL s=2 vld=1 rdy=0
UVM_INFO ./uvm/axi_slave_agent.sv(112) @ 4705000: uvm_test_top.env.slv_ag1 [TRACE] S[1] SLV W beat 6 data=0x5a971066 last=0
[TRACE_XBAR_B] 4705000 M side m=0 m_bvalid=0 m_bready=1
[TRACE_W] 4705000 W pre-FIFO HS m=2 last=0 data=0x42aa88b9 strb=0xf
[TRACE_W] 4705000 W slave HS s=1 last=0 data=0x5a971066
[TRACE_W] 4705000 W slave STALL s=2 vld=1 rdy=0 last=0
[TRACE_W_FIFO] 4705000 W_FIFO_WR m=2 last=0 data=0x409adf8c
[TRACE_W_FIFO] 4705000 W_FIFO_RD m=2 last=0 data=0x42aa88b9
[TRACE_W_XBAR] 4705000 W_XBAR_M m=2 last=0 data=0x00000000
[TRACE_W_XBAR] 4705000 W_XBAR_S s=1 last=0 data=0x00000000
[TRACE_W_XBAR] 4705000 W_XBAR_S_STALL s=2 vld=1 rdy=0
UVM_INFO ./uvm/axi_slave_agent.sv(112) @ 4715000: uvm_test_top.env.slv_ag1 [TRACE] S[1] SLV W beat 7 data=0x27e1c58f last=0
[TRACE_XBAR_B] 4715000 M side m=0 m_bvalid=0 m_bready=1
[TRACE_W] 4715000 W pre-FIFO HS m=2 last=0 data=0x409adf8c strb=0xf
[TRACE_W] 4715000 W slave HS s=1 last=0 data=0x27e1c58f
[TRACE_W] 4715000 W slave STALL s=2 vld=1 rdy=0 last=0
[TRACE_W_FIFO] 4715000 W_FIFO_WR m=2 last=0 data=0x1fcbfa29
[TRACE_W_FIFO] 4715000 W_FIFO_RD m=2 last=0 data=0x409adf8c
[TRACE_W_XBAR] 4715000 W_XBAR_M m=2 last=0 data=0x00000000
[TRACE_W_XBAR] 4715000 W_XBAR_S s=1 last=0 data=0x00000000
[TRACE_W_XBAR] 4715000 W_XBAR_S_STALL s=2 vld=1 rdy=0
UVM_INFO ./uvm/axi_slave_agent.sv(112) @ 4725000: uvm_test_top.env.slv_ag1 [TRACE] S[1] SLV W beat 8 data=0x42aa88b9 last=0
[TRACE_XBAR_B] 4725000 M side m=0 m_bvalid=0 m_bready=1
[TRACE_W] 4725000 W pre-FIFO HS m=2 last=0 data=0x1fcbfa29 strb=0xf
[TRACE_W] 4725000 W slave HS s=1 last=0 data=0x42aa88b9
[TRACE_W] 4725000 W slave STALL s=2 vld=1 rdy=0 last=0
[TRACE_W_FIFO] 4725000 W_FIFO_WR m=2 last=0 data=0x3c045f67
[TRACE_W_FIFO] 4725000 W_FIFO_RD m=2 last=0 data=0x1fcbfa29
[TRACE_W_XBAR] 4725000 W_XBAR_M m=2 last=0 data=0x00000000
[TRACE_W_XBAR] 4725000 W_XBAR_S s=1 last=0 data=0x00000000
[TRACE_W_XBAR] 4725000 W_XBAR_S_STALL s=2 vld=1 rdy=0
UVM_INFO ./uvm/axi_slave_agent.sv(112) @ 4735000: uvm_test_top.env.slv_ag1 [TRACE] S[1] SLV W beat 9 data=0x409adf8c last=0
[TRACE_XBAR_B] 4735000 M side m=0 m_bvalid=0 m_bready=1
[TRACE_W] 4735000 W pre-FIFO HS m=2 last=0 data=0x3c045f67 strb=0xf
[TRACE_W] 4735000 W slave HS s=1 last=0 data=0x409adf8c
[TRACE_W] 4735000 W slave STALL s=2 vld=1 rdy=0 last=0
[TRACE_W_FIFO] 4735000 W_FIFO_WR m=2 last=1 data=0xf9ce6546
[TRACE_W_FIFO] 4735000 W_FIFO_RD m=2 last=0 data=0x3c045f67
[TRACE_W_XBAR] 4735000 W_XBAR_M m=2 last=0 data=0x00000000
[TRACE_W_XBAR] 4735000 W_XBAR_S s=1 last=0 data=0x00000000
[TRACE_W_XBAR] 4735000 W_XBAR_S_STALL s=2 vld=1 rdy=0
UVM_INFO ./uvm/axi_slave_agent.sv(112) @ 4745000: uvm_test_top.env.slv_ag1 [TRACE] S[1] SLV W beat 10 data=0x1fcbfa29 last=0
[TRACE_XBAR_B] 4745000 M side m=0 m_bvalid=0 m_bready=1
[TRACE_W] 4745000 W pre-FIFO HS m=2 last=1 data=0xf9ce6546 strb=0xf
[TRACE_W] 4745000 W slave HS s=1 last=0 data=0x1fcbfa29
[TRACE_W] 4745000 W slave STALL s=2 vld=1 rdy=0 last=0
[TRACE_W_FIFO] 4745000 W_FIFO_RD m=2 last=1 data=0xf9ce6546
[TRACE_W_XBAR] 4745000 W_XBAR_M m=2 last=1 data=0x00000000
[TRACE_W_XBAR] 4745000 W_XBAR_S s=1 last=0 data=0x00000000
[TRACE_W_XBAR] 4745000 W_XBAR_S_STALL s=2 vld=1 rdy=0
UVM_INFO ./uvm/axi_slave_agent.sv(112) @ 4755000: uvm_test_top.env.slv_ag1 [TRACE] S[1] SLV W beat 11 data=0x3c045f67 last=0
[TRACE_XBAR_B] 4755000 M side m=0 m_bvalid=0 m_bready=1
[TRACE_W] 4755000 W slave HS s=1 last=0 data=0x3c045f67
[TRACE_W] 4755000 W slave STALL s=2 vld=1 rdy=0 last=0
[TRACE_W_XBAR] 4755000 W_XBAR_S s=1 last=1 data=0x00000000
[TRACE_W_XBAR] 4755000 W_XBAR_S_STALL s=2 vld=1 rdy=0
UVM_INFO ./uvm/axi_slave_agent.sv(112) @ 4765000: uvm_test_top.env.slv_ag1 [TRACE] S[1] SLV W beat 12 data=0xf9ce6546 last=1
[TRACE_XBAR_B] 4765000 M side m=0 m_bvalid=0 m_bready=1
[TRACE_W] 4765000 W slave HS s=1 last=1 data=0xf9ce6546
[TRACE_W] 4765000 W slave STALL s=2 vld=1 rdy=0 last=0
[TRACE_W_XBAR] 4765000 W_XBAR_S_STALL s=2 vld=1 rdy=0
[TRACE_XBAR_B] 4775000 M side m=0 m_bvalid=0 m_bready=1
[TRACE] 4775000 B  from slave s=1
[TRACE_W] 4775000 W slave STALL s=2 vld=1 rdy=0 last=0
[TRACE_W_XBAR] 4775000 W_XBAR_S_STALL s=2 vld=1 rdy=0
[TRACE_XBAR_B] 4785000 M side m=0 m_bvalid=0 m_bready=1
[TRACE] 4785000 B  to master m=2
[TRACE_W] 4785000 W slave STALL s=2 vld=1 rdy=0 last=0
[TRACE_W_XBAR] 4785000 W_XBAR_S_STALL s=2 vld=1 rdy=0
[4795000] M[2] DRV B Handshake! BID=7 b_pending_size=1
UVM_INFO ./uvm/axi_driver.sv(190) @ 4795000: uvm_test_top.env.mst_ag2.drv_m2 [TRACE] M[2] DRV B resp=0 id=7
[TRACE_XBAR_B] 4795000 M side m=0 m_bvalid=0 m_bready=1
[TRACE_W] 4795000 W slave STALL s=2 vld=1 rdy=0 last=0
[TRACE_W_XBAR] 4795000 W_XBAR_S_STALL s=2 vld=1 rdy=0
UVM_INFO ./uvm/axi_driver.sv(126) @ 4795000: uvm_test_top.env.mst_ag2.drv_m2 [TRACE] M[2] DRV AW start addr=0x00005514 id=10
[TRACE_XBAR_B] 4805000 M side m=0 m_bvalid=0 m_bready=1
[TRACE_W] 4805000 W slave STALL s=2 vld=1 rdy=0 last=0
[TRACE_W_FIFO] 4805000 W_FIFO_WR m=2 last=0 data=0x2128f3e3
[TRACE_W_XBAR] 4805000 W_XBAR_S_STALL s=2 vld=1 rdy=0
[TRACE_XBAR_B] 4815000 M side m=0 m_bvalid=0 m_bready=1
[TRACE] 4815000 AW pre-FIFO m=2 addr=0x00005514 len=10
[TRACE_W] 4815000 W pre-FIFO STALL m=2 vld=1 rdy=0 last=0
[TRACE_W] 4815000 W slave STALL s=2 vld=1 rdy=0 last=0
[TRACE_W_FIFO] 4815000 W_FIFO_WR m=2 last=0 data=0xdd0f9a35
[TRACE_W_FIFO] 4815000 W_FIFO_RD_STALL m=2 vld=1 rdy=0 last=0
[TRACE_W_XBAR] 4815000 W_XBAR_M_STALL m=2 vld=1 rdy=0
[TRACE_W_XBAR] 4815000 W_XBAR_S_STALL s=2 vld=1 rdy=0
UVM_INFO ./uvm/axi_slave_agent.sv(84) @ 4825000: uvm_test_top.env.slv_ag2 [TRACE] S[2] SLV AW handshake id=138 addr=0x00005514 len=10
[TRACE_XBAR_B] 4825000 M side m=0 m_bvalid=0 m_bready=1
[TRACE_W] 4825000 W pre-FIFO STALL m=2 vld=1 rdy=0 last=0
[TRACE] 4825000 AW at slave s=2 addr=0x00005514 len=10
[TRACE_W] 4825000 W slave STALL s=2 vld=1 rdy=0 last=0
[TRACE_W_FIFO] 4825000 W_FIFO_WR m=2 last=0 data=0xdd4952de
[TRACE_W_FIFO] 4825000 W_FIFO_RD_STALL m=2 vld=1 rdy=0 last=0
[TRACE_W_XBAR] 4825000 W_XBAR_M_STALL m=2 vld=1 rdy=0
[TRACE_W_XBAR] 4825000 W_XBAR_S_STALL s=2 vld=1 rdy=0
UVM_INFO ./uvm/axi_slave_agent.sv(112) @ 4835000: uvm_test_top.env.slv_ag2 [TRACE] S[2] SLV W beat 0 data=0x34c33040 last=0
[TRACE_XBAR_B] 4835000 M side m=0 m_bvalid=0 m_bready=1
[TRACE_W] 4835000 W pre-FIFO STALL m=2 vld=1 rdy=0 last=0
[TRACE_W] 4835000 W slave HS s=2 last=0 data=0x34c33040
[TRACE_W_FIFO] 4835000 W_FIFO_WR m=2 last=0 data=0xb28a98a5
[TRACE_W_FIFO] 4835000 W_FIFO_RD_STALL m=2 vld=1 rdy=0 last=0
[TRACE_W_XBAR] 4835000 W_XBAR_M_STALL m=2 vld=1 rdy=0
[TRACE_W_XBAR] 4835000 W_XBAR_S_STALL s=2 vld=1 rdy=0
UVM_INFO ./uvm/axi_slave_agent.sv(112) @ 4845000: uvm_test_top.env.slv_ag2 [TRACE] S[2] SLV W beat 1 data=0xc290ac2e last=0
[TRACE_XBAR_B] 4845000 M side m=0 m_bvalid=0 m_bready=1
[TRACE_W] 4845000 W pre-FIFO STALL m=2 vld=1 rdy=0 last=0
[TRACE_W] 4845000 W slave HS s=2 last=0 data=0xc290ac2e
[TRACE_W_FIFO] 4845000 W_FIFO_WR_STALL m=2 vld=1 rdy=0 last=0
[TRACE_W_FIFO] 4845000 W_FIFO_RD_STALL m=2 vld=1 rdy=0 last=0
[TRACE_W_XBAR] 4845000 W_XBAR_M_STALL m=2 vld=1 rdy=0
[TRACE_W_XBAR] 4845000 W_XBAR_S s=2 last=0 data=0x00000000
UVM_INFO ./uvm/axi_slave_agent.sv(112) @ 4855000: uvm_test_top.env.slv_ag2 [TRACE] S[2] SLV W beat 2 data=0x7348388c last=0
[TRACE_XBAR_B] 4855000 M side m=0 m_bvalid=0 m_bready=1
[TRACE_W] 4855000 W pre-FIFO HS m=2 last=0 data=0x2128f3e3 strb=0xf
[TRACE_W] 4855000 W slave HS s=2 last=0 data=0x7348388c
[TRACE_W_FIFO] 4855000 W_FIFO_WR_STALL m=2 vld=1 rdy=0 last=0
[TRACE_W_FIFO] 4855000 W_FIFO_RD m=2 last=0 data=0x2128f3e3
[TRACE_W_XBAR] 4855000 W_XBAR_M m=2 last=0 data=0x00000000
[TRACE_W_XBAR] 4855000 W_XBAR_S s=2 last=0 data=0x00000000
UVM_INFO ./uvm/axi_slave_agent.sv(112) @ 4865000: uvm_test_top.env.slv_ag2 [TRACE] S[2] SLV W beat 3 data=0x1c695b7b last=0
[TRACE_XBAR_B] 4865000 M side m=0 m_bvalid=0 m_bready=1
[TRACE_W] 4865000 W pre-FIFO HS m=2 last=0 data=0xdd0f9a35 strb=0xf
[TRACE_W] 4865000 W slave HS s=2 last=0 data=0x1c695b7b
[TRACE_W_FIFO] 4865000 W_FIFO_WR m=2 last=0 data=0xceb9d5df
[TRACE_W_FIFO] 4865000 W_FIFO_RD m=2 last=0 data=0xdd0f9a35
[TRACE_W_XBAR] 4865000 W_XBAR_M m=2 last=0 data=0x00000000
[TRACE_W_XBAR] 4865000 W_XBAR_S s=2 last=0 data=0x00000000
UVM_INFO ./uvm/axi_slave_agent.sv(112) @ 4875000: uvm_test_top.env.slv_ag2 [TRACE] S[2] SLV W beat 4 data=0xda89d441 last=0
[TRACE_XBAR_B] 4875000 M side m=0 m_bvalid=0 m_bready=1
[TRACE_W] 4875000 W pre-FIFO HS m=2 last=0 data=0xdd4952de strb=0xf
[TRACE_W] 4875000 W slave HS s=2 last=0 data=0xda89d441
[TRACE_W_FIFO] 4875000 W_FIFO_WR m=2 last=0 data=0xa1bb42c6
[TRACE_W_FIFO] 4875000 W_FIFO_RD m=2 last=0 data=0xdd4952de
[TRACE_W_XBAR] 4875000 W_XBAR_M m=2 last=0 data=0x00000000
[TRACE_W_XBAR] 4875000 W_XBAR_S s=2 last=0 data=0x00000000
UVM_INFO ./uvm/axi_slave_agent.sv(112) @ 4885000: uvm_test_top.env.slv_ag2 [TRACE] S[2] SLV W beat 5 data=0x24252a19 last=0
[TRACE_XBAR_B] 4885000 M side m=0 m_bvalid=0 m_bready=1
[TRACE_W] 4885000 W pre-FIFO HS m=2 last=0 data=0xb28a98a5 strb=0xf
[TRACE_W] 4885000 W slave HS s=2 last=0 data=0x24252a19
[TRACE_W_FIFO] 4885000 W_FIFO_WR m=2 last=0 data=0xa301c88f
[TRACE_W_FIFO] 4885000 W_FIFO_RD m=2 last=0 data=0xb28a98a5
[TRACE_W_XBAR] 4885000 W_XBAR_M m=2 last=0 data=0x00000000
[TRACE_W_XBAR] 4885000 W_XBAR_S s=2 last=0 data=0x00000000
UVM_INFO ./uvm/axi_slave_agent.sv(112) @ 4895000: uvm_test_top.env.slv_ag2 [TRACE] S[2] SLV W beat 6 data=0xc211b216 last=0
[TRACE_XBAR_B] 4895000 M side m=0 m_bvalid=0 m_bready=1
[TRACE_W] 4895000 W pre-FIFO HS m=2 last=0 data=0xceb9d5df strb=0xf
[TRACE_W] 4895000 W slave HS s=2 last=0 data=0xc211b216
[TRACE_W_FIFO] 4895000 W_FIFO_WR m=2 last=0 data=0x24300827
[TRACE_W_FIFO] 4895000 W_FIFO_RD m=2 last=0 data=0xceb9d5df
[TRACE_W_XBAR] 4895000 W_XBAR_M m=2 last=0 data=0x00000000
[TRACE_W_XBAR] 4895000 W_XBAR_S s=2 last=0 data=0x00000000
UVM_INFO ./uvm/axi_slave_agent.sv(112) @ 4905000: uvm_test_top.env.slv_ag2 [TRACE] S[2] SLV W beat 7 data=0xbfe59d02 last=0
[TRACE_XBAR_B] 4905000 M side m=0 m_bvalid=0 m_bready=1
[TRACE_W] 4905000 W pre-FIFO HS m=2 last=0 data=0xa1bb42c6 strb=0xf
[TRACE_W] 4905000 W slave HS s=2 last=0 data=0xbfe59d02
[TRACE_W_FIFO] 4905000 W_FIFO_WR m=2 last=0 data=0x56ce0aea
[TRACE_W_FIFO] 4905000 W_FIFO_RD m=2 last=0 data=0xa1bb42c6
[TRACE_W_XBAR] 4905000 W_XBAR_M m=2 last=0 data=0x00000000
[TRACE_W_XBAR] 4905000 W_XBAR_S s=2 last=0 data=0x00000000
UVM_INFO ./uvm/axi_slave_agent.sv(112) @ 4915000: uvm_test_top.env.slv_ag2 [TRACE] S[2] SLV W beat 8 data=0x2128f3e3 last=0
[TRACE_XBAR_B] 4915000 M side m=0 m_bvalid=0 m_bready=1
[TRACE_W] 4915000 W pre-FIFO HS m=2 last=0 data=0xa301c88f strb=0xf
[TRACE_W] 4915000 W slave HS s=2 last=0 data=0x2128f3e3
[TRACE_W_FIFO] 4915000 W_FIFO_WR m=2 last=0 data=0xd82fff3b
[TRACE_W_FIFO] 4915000 W_FIFO_RD m=2 last=0 data=0xa301c88f
[TRACE_W_XBAR] 4915000 W_XBAR_M m=2 last=0 data=0x00000000
[TRACE_W_XBAR] 4915000 W_XBAR_S s=2 last=0 data=0x00000000
UVM_INFO ./uvm/axi_slave_agent.sv(112) @ 4925000: uvm_test_top.env.slv_ag2 [TRACE] S[2] SLV W beat 9 data=0xdd0f9a35 last=0
[TRACE_XBAR_B] 4925000 M side m=0 m_bvalid=0 m_bready=1
[TRACE_W] 4925000 W pre-FIFO HS m=2 last=0 data=0x24300827 strb=0xf
[TRACE_W] 4925000 W slave HS s=2 last=0 data=0xdd0f9a35
[TRACE_W_FIFO] 4925000 W_FIFO_WR m=2 last=1 data=0x8171b5db
[TRACE_W_FIFO] 4925000 W_FIFO_RD m=2 last=0 data=0x24300827
[TRACE_W_XBAR] 4925000 W_XBAR_M m=2 last=0 data=0x00000000
[TRACE_W_XBAR] 4925000 W_XBAR_S s=2 last=0 data=0x00000000
UVM_ERROR ./uvm/axi_scoreboard_data.sv(180) @ 4925000: uvm_test_top.env.sb [W_XCHK] W data mismatch key=42 beat=0 M=0xdd4952de S=0x34c33040
UVM_ERROR ./uvm/axi_scoreboard_data.sv(180) @ 4925000: uvm_test_top.env.sb [W_XCHK] W data mismatch key=42 beat=1 M=0xb28a98a5 S=0xc290ac2e
UVM_INFO ./uvm/axi_slave_agent.sv(112) @ 4935000: uvm_test_top.env.slv_ag2 [TRACE] S[2] SLV W beat 10 data=0xdd4952de last=0
[TRACE_XBAR_B] 4935000 M side m=0 m_bvalid=0 m_bready=1
[TRACE_W] 4935000 W pre-FIFO HS m=2 last=0 data=0x56ce0aea strb=0xf
[TRACE_W] 4935000 W slave HS s=2 last=0 data=0xdd4952de
[TRACE_W_FIFO] 4935000 W_FIFO_RD m=2 last=0 data=0x56ce0aea
[TRACE_W_XBAR] 4935000 W_XBAR_M m=2 last=0 data=0x00000000
[TRACE_W_XBAR] 4935000 W_XBAR_S s=2 last=0 data=0x00000000
UVM_INFO ./uvm/axi_slave_agent.sv(112) @ 4945000: uvm_test_top.env.slv_ag2 [TRACE] S[2] SLV W beat 11 data=0xb28a98a5 last=0
[TRACE_XBAR_B] 4945000 M side m=0 m_bvalid=0 m_bready=1
[TRACE_W] 4945000 W pre-FIFO HS m=2 last=0 data=0xd82fff3b strb=0xf
[TRACE_W] 4945000 W slave HS s=2 last=0 data=0xb28a98a5
[TRACE_W_FIFO] 4945000 W_FIFO_RD m=2 last=0 data=0xd82fff3b
[TRACE_W_XBAR] 4945000 W_XBAR_M m=2 last=0 data=0x00000000
[TRACE_W_XBAR] 4945000 W_XBAR_S s=2 last=0 data=0x00000000
UVM_INFO ./uvm/axi_slave_agent.sv(112) @ 4955000: uvm_test_top.env.slv_ag2 [TRACE] S[2] SLV W beat 12 data=0xceb9d5df last=0
[TRACE_XBAR_B] 4955000 M side m=0 m_bvalid=0 m_bready=1
[TRACE_W] 4955000 W pre-FIFO HS m=2 last=1 data=0x8171b5db strb=0xf
[TRACE_W] 4955000 W slave HS s=2 last=0 data=0xceb9d5df
[TRACE_W_FIFO] 4955000 W_FIFO_RD m=2 last=1 data=0x8171b5db
[TRACE_W_XBAR] 4955000 W_XBAR_M m=2 last=1 data=0x00000000
[TRACE_W_XBAR] 4955000 W_XBAR_S s=2 last=0 data=0x00000000
UVM_INFO ./uvm/axi_slave_agent.sv(112) @ 4965000: uvm_test_top.env.slv_ag2 [TRACE] S[2] SLV W beat 13 data=0xa1bb42c6 last=0
[TRACE_XBAR_B] 4965000 M side m=0 m_bvalid=0 m_bready=1
[TRACE_W] 4965000 W slave HS s=2 last=0 data=0xa1bb42c6
[TRACE_W_XBAR] 4965000 W_XBAR_S s=2 last=0 data=0x00000000
UVM_INFO ./uvm/axi_slave_agent.sv(112) @ 4975000: uvm_test_top.env.slv_ag2 [TRACE] S[2] SLV W beat 14 data=0xa301c88f last=0
[TRACE_XBAR_B] 4975000 M side m=0 m_bvalid=0 m_bready=1
[TRACE_W] 4975000 W slave HS s=2 last=0 data=0xa301c88f
[TRACE_W_XBAR] 4975000 W_XBAR_S s=2 last=0 data=0x00000000
UVM_INFO ./uvm/axi_slave_agent.sv(112) @ 4985000: uvm_test_top.env.slv_ag2 [TRACE] S[2] SLV W beat 15 data=0x24300827 last=0
[TRACE_XBAR_B] 4985000 M side m=0 m_bvalid=0 m_bready=1
[TRACE_W] 4985000 W slave HS s=2 last=0 data=0x24300827
[TRACE_W_XBAR] 4985000 W_XBAR_S s=2 last=1 data=0x00000000
UVM_INFO ./uvm/axi_slave_agent.sv(112) @ 4995000: uvm_test_top.env.slv_ag2 [TRACE] S[2] SLV W beat 16 data=0x56ce0aea last=0
[TRACE_XBAR_B] 4995000 M side m=0 m_bvalid=0 m_bready=1
[TRACE_W] 4995000 W slave HS s=2 last=0 data=0x56ce0aea
UVM_INFO ./uvm/axi_slave_agent.sv(112) @ 5005000: uvm_test_top.env.slv_ag2 [TRACE] S[2] SLV W beat 17 data=0xd82fff3b last=0
[TRACE_XBAR_B] 5005000 M side m=0 m_bvalid=0 m_bready=1
[TRACE_W] 5005000 W slave HS s=2 last=0 data=0xd82fff3b
UVM_INFO ./uvm/axi_slave_agent.sv(112) @ 5015000: uvm_test_top.env.slv_ag2 [TRACE] S[2] SLV W beat 18 data=0x8171b5db last=1
[TRACE_XBAR_B] 5015000 M side m=0 m_bvalid=0 m_bready=1
[TRACE_W] 5015000 W slave HS s=2 last=1 data=0x8171b5db
UVM_ERROR ./uvm/axi_slave_agent.sv(145) @ 5015000: uvm_test_top.env.slv_ag2 [LEN_MISMATCH] S[2] Protocol violation! Expected 11 beats but received 19 beats
[TRACE_XBAR_B] 5025000 M side m=0 m_bvalid=0 m_bready=1
[TRACE] 5025000 B  from slave s=2
[TRACE_XBAR_B] 5035000 M side m=0 m_bvalid=0 m_bready=1
[TRACE] 5035000 B  to master m=2
[5045000] M[2] DRV B Handshake! BID=10 b_pending_size=1
UVM_INFO ./uvm/axi_driver.sv(190) @ 5045000: uvm_test_top.env.mst_ag2.drv_m2 [TRACE] M[2] DRV B resp=0 id=10
[TRACE_XBAR_B] 5045000 M side m=0 m_bvalid=0 m_bready=1
UVM_INFO ./uvm/axi_driver.sv(220) @ 5045000: uvm_test_top.env.mst_ag2.drv_m2 [TRACE] M[2] DRV AR start addr=0x000076cc len=2 id=14
[TRACE_XBAR_B] 5055000 M side m=0 m_bvalid=0 m_bready=1
[TRACE_XBAR_B] 5065000 M side m=0 m_bvalid=0 m_bready=1
[TRACE] 5065000 AR pre-FIFO vld m=2 vld=1 rdy=1
[TRACE] 5065000 AR pre-FIFO out m=2 addr=0x000076cc
[TRACE] 5065000 AR pre-FIFO m=2 addr=0x000076cc len=2
UVM_INFO ./uvm/axi_slave_agent.sv(171) @ 5075000: uvm_test_top.env.slv_ag3 [TRACE] S[3] SLV AR handshake id=142 addr=0x000076cc len=2
[TRACE_XBAR_B] 5075000 M side m=0 m_bvalid=0 m_bready=1
[TRACE] 5075000 AR at slave s=3 addr=0x000076cc
[TRACE] 5075000 AR pre-FIFO vld m=2 vld=0 rdy=0
[TRACE] 5075000 AR at slave s=3 addr=0x000076cc len=2
UVM_INFO ./uvm/axi_slave_agent.sv(204) @ 5075000: uvm_test_top.env.slv_ag3 [TRACE] S[3] SLV R MISS at addr=0x000076cc
UVM_INFO ./uvm/axi_slave_agent.sv(204) @ 5085000: uvm_test_top.env.slv_ag3 [TRACE] S[3] SLV R MISS at addr=0x000076d0
[TRACE_XBAR_B] 5085000 M side m=0 m_bvalid=0 m_bready=1
[TRACE] 5085000 R  from slave s=3
UVM_INFO ./uvm/axi_slave_agent.sv(204) @ 5095000: uvm_test_top.env.slv_ag3 [TRACE] S[3] SLV R MISS at addr=0x000076d4
[TRACE_XBAR_B] 5095000 M side m=0 m_bvalid=0 m_bready=1
[TRACE] 5095000 R  to master m=2
[TRACE] 5095000 R  from slave s=3
[TRACE_XBAR_B] 5105000 M side m=0 m_bvalid=0 m_bready=1
[TRACE] 5105000 R  to master m=2
[TRACE] 5105000 R  from slave s=3
[TRACE_XBAR_B] 5115000 M side m=0 m_bvalid=0 m_bready=1
[TRACE] 5115000 R  to master m=2
[TRACE_XBAR_B] 5125000 M side m=0 m_bvalid=0 m_bready=1
UVM_INFO ./uvm/axi_driver.sv(126) @ 5125000: uvm_test_top.env.mst_ag2.drv_m2 [TRACE] M[2] DRV AW start addr=0x00001a9c id=3
[TRACE_XBAR_B] 5135000 M side m=0 m_bvalid=0 m_bready=1
[TRACE_W_FIFO] 5135000 W_FIFO_WR m=2 last=0 data=0x24b48b08
[TRACE_XBAR_B] 5145000 M side m=0 m_bvalid=0 m_bready=1
[TRACE] 5145000 AW pre-FIFO m=2 addr=0x00001a9c len=6
[TRACE_W] 5145000 W pre-FIFO HS m=2 last=0 data=0x24b48b08 strb=0xf
[TRACE_W_FIFO] 5145000 W_FIFO_WR m=2 last=0 data=0x40880df3
[TRACE_W_FIFO] 5145000 W_FIFO_RD m=2 last=0 data=0x24b48b08
[TRACE_W_XBAR] 5145000 W_XBAR_M m=2 last=0 data=0x00000000
UVM_INFO ./uvm/axi_slave_agent.sv(84) @ 5155000: uvm_test_top.env.slv_ag0 [TRACE] S[0] SLV AW handshake id=131 addr=0x00001a9c len=6
[TRACE_XBAR_B] 5155000 M side m=0 m_bvalid=0 m_bready=1
[TRACE_W] 5155000 W pre-FIFO HS m=2 last=0 data=0x40880df3 strb=0xf
[TRACE] 5155000 AW at slave s=0 addr=0x00001a9c len=6
[TRACE_W_FIFO] 5155000 W_FIFO_WR m=2 last=0 data=0xcf97cf49
[TRACE_W_FIFO] 5155000 W_FIFO_RD m=2 last=0 data=0x40880df3
[TRACE_W_XBAR] 5155000 W_XBAR_M m=2 last=0 data=0x00000000
[TRACE_W_XBAR] 5155000 W_XBAR_S s=0 last=0 data=0x00000000
[TRACE_W_XBAR] 5155000 W_XBAR_S s=2 last=0 data=0x00000000
UVM_INFO ./uvm/axi_slave_agent.sv(112) @ 5165000: uvm_test_top.env.slv_ag0 [TRACE] S[0] SLV W beat 0 data=0x24b48b08 last=0
[TRACE_XBAR_B] 5165000 M side m=0 m_bvalid=0 m_bready=1
[TRACE_W] 5165000 W pre-FIFO HS m=2 last=0 data=0xcf97cf49 strb=0xf
[TRACE_W] 5165000 W slave HS s=0 last=0 data=0x24b48b08
[TRACE_W] 5165000 W slave STALL s=2 vld=1 rdy=0 last=0
[TRACE_W_FIFO] 5165000 W_FIFO_WR m=2 last=0 data=0x7aee3a6b
[TRACE_W_FIFO] 5165000 W_FIFO_RD m=2 last=0 data=0xcf97cf49
[TRACE_W_XBAR] 5165000 W_XBAR_M m=2 last=0 data=0x00000000
[TRACE_W_XBAR] 5165000 W_XBAR_S s=0 last=0 data=0x00000001
[TRACE_W_XBAR] 5165000 W_XBAR_S s=2 last=0 data=0x00000000
UVM_INFO ./uvm/axi_slave_agent.sv(112) @ 5175000: uvm_test_top.env.slv_ag0 [TRACE] S[0] SLV W beat 1 data=0x40880df3 last=0
[TRACE_XBAR_B] 5175000 M side m=0 m_bvalid=0 m_bready=1
[TRACE_W] 5175000 W pre-FIFO HS m=2 last=0 data=0x7aee3a6b strb=0xf
[TRACE_W] 5175000 W slave HS s=0 last=0 data=0x40880df3
[TRACE_W] 5175000 W slave STALL s=2 vld=1 rdy=0 last=0
[TRACE_W_FIFO] 5175000 W_FIFO_WR m=2 last=0 data=0x32e0c995
[TRACE_W_FIFO] 5175000 W_FIFO_RD m=2 last=0 data=0x7aee3a6b
[TRACE_W_XBAR] 5175000 W_XBAR_M m=2 last=0 data=0x00000000
[TRACE_W_XBAR] 5175000 W_XBAR_S s=0 last=0 data=0x00000001
[TRACE_W_XBAR] 5175000 W_XBAR_S s=2 last=0 data=0x00000000
UVM_INFO ./uvm/axi_slave_agent.sv(112) @ 5185000: uvm_test_top.env.slv_ag0 [TRACE] S[0] SLV W beat 2 data=0xcf97cf49 last=0
[TRACE_XBAR_B] 5185000 M side m=0 m_bvalid=0 m_bready=1
[TRACE_W] 5185000 W pre-FIFO HS m=2 last=0 data=0x32e0c995 strb=0xf
[TRACE_W] 5185000 W slave HS s=0 last=0 data=0xcf97cf49
[TRACE_W] 5185000 W slave STALL s=2 vld=1 rdy=0 last=0
[TRACE_W_FIFO] 5185000 W_FIFO_WR m=2 last=0 data=0x9718c214
[TRACE_W_FIFO] 5185000 W_FIFO_RD m=2 last=0 data=0x32e0c995
[TRACE_W_XBAR] 5185000 W_XBAR_M m=2 last=0 data=0x00000000
[TRACE_W_XBAR] 5185000 W_XBAR_S s=0 last=0 data=0x00000001
[TRACE_W_XBAR] 5185000 W_XBAR_S s=2 last=0 data=0x00000000
UVM_INFO ./uvm/axi_slave_agent.sv(112) @ 5195000: uvm_test_top.env.slv_ag0 [TRACE] S[0] SLV W beat 3 data=0x7aee3a6b last=0
[TRACE_XBAR_B] 5195000 M side m=0 m_bvalid=0 m_bready=1
[TRACE_W] 5195000 W pre-FIFO HS m=2 last=0 data=0x9718c214 strb=0xf
[TRACE_W] 5195000 W slave HS s=0 last=0 data=0x7aee3a6b
[TRACE_W] 5195000 W slave STALL s=2 vld=1 rdy=0 last=0
[TRACE_W_FIFO] 5195000 W_FIFO_WR m=2 last=1 data=0xd68699eb
[TRACE_W_FIFO] 5195000 W_FIFO_RD m=2 last=0 data=0x9718c214
[TRACE_W_XBAR] 5195000 W_XBAR_M m=2 last=0 data=0x00000000
[TRACE_W_XBAR] 5195000 W_XBAR_S s=0 last=0 data=0x00000001
[TRACE_W_XBAR] 5195000 W_XBAR_S_STALL s=2 vld=1 rdy=0
UVM_INFO ./uvm/axi_slave_agent.sv(112) @ 5205000: uvm_test_top.env.slv_ag0 [TRACE] S[0] SLV W beat 4 data=0x32e0c995 last=0
[TRACE_XBAR_B] 5205000 M side m=0 m_bvalid=0 m_bready=1
[TRACE_W] 5205000 W pre-FIFO HS m=2 last=1 data=0xd68699eb strb=0xf
[TRACE_W] 5205000 W slave HS s=0 last=0 data=0x32e0c995
[TRACE_W] 5205000 W slave STALL s=2 vld=1 rdy=0 last=0
[TRACE_W_FIFO] 5205000 W_FIFO_RD m=2 last=1 data=0xd68699eb
[TRACE_W_XBAR] 5205000 W_XBAR_M m=2 last=1 data=0x00000000
[TRACE_W_XBAR] 5205000 W_XBAR_S s=0 last=0 data=0x00000000
[TRACE_W_XBAR] 5205000 W_XBAR_S_STALL s=2 vld=1 rdy=0
UVM_INFO ./uvm/axi_slave_agent.sv(112) @ 5215000: uvm_test_top.env.slv_ag0 [TRACE] S[0] SLV W beat 5 data=0x9718c214 last=0
[TRACE_XBAR_B] 5215000 M side m=0 m_bvalid=0 m_bready=1
[TRACE_W] 5215000 W slave HS s=0 last=0 data=0x9718c214
[TRACE_W] 5215000 W slave STALL s=2 vld=1 rdy=0 last=0
[TRACE_W_XBAR] 5215000 W_XBAR_S s=0 last=1 data=0x00000001
[TRACE_W_XBAR] 5215000 W_XBAR_S_STALL s=2 vld=1 rdy=0
UVM_INFO ./uvm/axi_slave_agent.sv(112) @ 5225000: uvm_test_top.env.slv_ag0 [TRACE] S[0] SLV W beat 6 data=0xd68699eb last=1
[TRACE_XBAR_B] 5225000 M side m=0 m_bvalid=0 m_bready=1
[TRACE_W] 5225000 W slave HS s=0 last=1 data=0xd68699eb
[TRACE_W] 5225000 W slave STALL s=2 vld=1 rdy=0 last=0
[TRACE_W_XBAR] 5225000 W_XBAR_S_STALL s=2 vld=1 rdy=0
[TRACE_XBAR_B] 5235000 M side m=0 m_bvalid=0 m_bready=1
[TRACE] 5235000 B slave handshake s=0 id=0x83
[TRACE] 5235000 B  from slave s=0
[TRACE_W] 5235000 W slave STALL s=2 vld=1 rdy=0 last=0
[TRACE_W_XBAR] 5235000 W_XBAR_S_STALL s=2 vld=1 rdy=0
[TRACE_XBAR_B] 5245000 S side s=0 s_bvalid=1 s_bready=1
[TRACE_XBAR_B] 5245000 M side m=0 m_bvalid=0 m_bready=1
[TRACE] 5245000 B pre-FIFO out s=0 id=0x83
[TRACE] 5245000 B  to master m=2
[TRACE_W] 5245000 W slave STALL s=2 vld=1 rdy=0 last=0
[TRACE_W_XBAR] 5245000 W_XBAR_S_STALL s=2 vld=1 rdy=0
[5255000] M[2] DRV B Handshake! BID=3 b_pending_size=1
UVM_INFO ./uvm/axi_driver.sv(190) @ 5255000: uvm_test_top.env.mst_ag2.drv_m2 [TRACE] M[2] DRV B resp=0 id=3
[TRACE_XBAR_B] 5255000 M side m=0 m_bvalid=0 m_bready=1
[TRACE_W] 5255000 W slave STALL s=2 vld=1 rdy=0 last=0
[TRACE_W_XBAR] 5255000 W_XBAR_S_STALL s=2 vld=1 rdy=0
UVM_INFO ./uvm/axi_driver.sv(126) @ 5255000: uvm_test_top.env.mst_ag2.drv_m2 [TRACE] M[2] DRV AW start addr=0x00000158 id=6
[TRACE_XBAR_B] 5265000 M side m=0 m_bvalid=0 m_bready=1
[TRACE_W] 5265000 W slave STALL s=2 vld=1 rdy=0 last=0
[TRACE_W_FIFO] 5265000 W_FIFO_WR m=2 last=0 data=0xe7bcea74
[TRACE_W_XBAR] 5265000 W_XBAR_S_STALL s=2 vld=1 rdy=0
[TRACE_XBAR_B] 5275000 M side m=0 m_bvalid=0 m_bready=1
[TRACE] 5275000 AW pre-FIFO m=2 addr=0x00000158 len=10
[TRACE_W] 5275000 W pre-FIFO HS m=2 last=0 data=0xe7bcea74 strb=0xf
[TRACE_W] 5275000 W slave STALL s=2 vld=1 rdy=0 last=0
[TRACE_W_FIFO] 5275000 W_FIFO_WR m=2 last=0 data=0x9479d581
[TRACE_W_FIFO] 5275000 W_FIFO_RD m=2 last=0 data=0xe7bcea74
[TRACE_W_XBAR] 5275000 W_XBAR_M m=2 last=0 data=0x00000000
[TRACE_W_XBAR] 5275000 W_XBAR_S_STALL s=2 vld=1 rdy=0
UVM_INFO ./uvm/axi_slave_agent.sv(84) @ 5285000: uvm_test_top.env.slv_ag0 [TRACE] S[0] SLV AW handshake id=134 addr=0x00000158 len=10
[TRACE_XBAR_B] 5285000 M side m=0 m_bvalid=0 m_bready=1
[TRACE_W] 5285000 W pre-FIFO HS m=2 last=0 data=0x9479d581 strb=0xf
[TRACE] 5285000 AW at slave s=0 addr=0x00000158 len=10
[TRACE_W] 5285000 W slave STALL s=2 vld=1 rdy=0 last=0
[TRACE_W_FIFO] 5285000 W_FIFO_WR m=2 last=0 data=0xa06b3f9a
[TRACE_W_FIFO] 5285000 W_FIFO_RD m=2 last=0 data=0x9479d581
[TRACE_W_XBAR] 5285000 W_XBAR_M m=2 last=0 data=0x00000000
[TRACE_W_XBAR] 5285000 W_XBAR_S s=0 last=0 data=0x00000000
[TRACE_W_XBAR] 5285000 W_XBAR_S_STALL s=2 vld=1 rdy=0
UVM_INFO ./uvm/axi_slave_agent.sv(112) @ 5295000: uvm_test_top.env.slv_ag0 [TRACE] S[0] SLV W beat 0 data=0xe7bcea74 last=0
[TRACE_XBAR_B] 5295000 M side m=0 m_bvalid=0 m_bready=1
[TRACE_W] 5295000 W pre-FIFO HS m=2 last=0 data=0xa06b3f9a strb=0xf
[TRACE_W] 5295000 W slave HS s=0 last=0 data=0xe7bcea74
[TRACE_W] 5295000 W slave STALL s=2 vld=1 rdy=0 last=0
[TRACE_W_FIFO] 5295000 W_FIFO_WR m=2 last=0 data=0xca293e88
[TRACE_W_FIFO] 5295000 W_FIFO_RD m=2 last=0 data=0xa06b3f9a
[TRACE_W_XBAR] 5295000 W_XBAR_M m=2 last=0 data=0x00000000
[TRACE_W_XBAR] 5295000 W_XBAR_S s=0 last=0 data=0x00000001
[TRACE_W_XBAR] 5295000 W_XBAR_S_STALL s=2 vld=1 rdy=0
UVM_INFO ./uvm/axi_slave_agent.sv(112) @ 5305000: uvm_test_top.env.slv_ag0 [TRACE] S[0] SLV W beat 1 data=0x9479d581 last=0
[TRACE_XBAR_B] 5305000 M side m=0 m_bvalid=0 m_bready=1
[TRACE_W] 5305000 W pre-FIFO HS m=2 last=0 data=0xca293e88 strb=0xf
[TRACE_W] 5305000 W slave HS s=0 last=0 data=0x9479d581
[TRACE_W] 5305000 W slave STALL s=2 vld=1 rdy=0 last=0
[TRACE_W_FIFO] 5305000 W_FIFO_WR m=2 last=0 data=0x8cde6e68
[TRACE_W_FIFO] 5305000 W_FIFO_RD m=2 last=0 data=0xca293e88
[TRACE_W_XBAR] 5305000 W_XBAR_M m=2 last=0 data=0x00000000
[TRACE_W_XBAR] 5305000 W_XBAR_S s=0 last=0 data=0x00000000
[TRACE_W_XBAR] 5305000 W_XBAR_S_STALL s=2 vld=1 rdy=0
UVM_INFO ./uvm/axi_slave_agent.sv(112) @ 5315000: uvm_test_top.env.slv_ag0 [TRACE] S[0] SLV W beat 2 data=0xa06b3f9a last=0
[TRACE_XBAR_B] 5315000 M side m=0 m_bvalid=0 m_bready=1
[TRACE_W] 5315000 W pre-FIFO HS m=2 last=0 data=0x8cde6e68 strb=0xf
[TRACE_W] 5315000 W slave HS s=0 last=0 data=0xa06b3f9a
[TRACE_W] 5315000 W slave STALL s=2 vld=1 rdy=0 last=0
[TRACE_W_FIFO] 5315000 W_FIFO_WR m=2 last=0 data=0x68ba431f
[TRACE_W_FIFO] 5315000 W_FIFO_RD m=2 last=0 data=0x8cde6e68
[TRACE_W_XBAR] 5315000 W_XBAR_M m=2 last=0 data=0x00000000
[TRACE_W_XBAR] 5315000 W_XBAR_S s=0 last=0 data=0x00000000
[TRACE_W_XBAR] 5315000 W_XBAR_S_STALL s=2 vld=1 rdy=0
UVM_INFO ./uvm/axi_slave_agent.sv(112) @ 5325000: uvm_test_top.env.slv_ag0 [TRACE] S[0] SLV W beat 3 data=0xca293e88 last=0
[TRACE_XBAR_B] 5325000 M side m=0 m_bvalid=0 m_bready=1
[TRACE_W] 5325000 W pre-FIFO HS m=2 last=0 data=0x68ba431f strb=0xf
[TRACE_W] 5325000 W slave HS s=0 last=0 data=0xca293e88
[TRACE_W] 5325000 W slave STALL s=2 vld=1 rdy=0 last=0
[TRACE_W_FIFO] 5325000 W_FIFO_WR m=2 last=0 data=0xb16feb57
[TRACE_W_FIFO] 5325000 W_FIFO_RD m=2 last=0 data=0x68ba431f
[TRACE_W_XBAR] 5325000 W_XBAR_M m=2 last=0 data=0x00000000
[TRACE_W_XBAR] 5325000 W_XBAR_S s=0 last=0 data=0x00000000
[TRACE_W_XBAR] 5325000 W_XBAR_S_STALL s=2 vld=1 rdy=0
UVM_INFO ./uvm/axi_slave_agent.sv(112) @ 5335000: uvm_test_top.env.slv_ag0 [TRACE] S[0] SLV W beat 4 data=0x8cde6e68 last=0
[TRACE_XBAR_B] 5335000 M side m=0 m_bvalid=0 m_bready=1
[TRACE_W] 5335000 W pre-FIFO HS m=2 last=0 data=0xb16feb57 strb=0xf
[TRACE_W] 5335000 W slave HS s=0 last=0 data=0x8cde6e68
[TRACE_W] 5335000 W slave STALL s=2 vld=1 rdy=0 last=0
[TRACE_W_FIFO] 5335000 W_FIFO_WR m=2 last=0 data=0x833aa124
[TRACE_W_FIFO] 5335000 W_FIFO_RD m=2 last=0 data=0xb16feb57
[TRACE_W_XBAR] 5335000 W_XBAR_M m=2 last=0 data=0x00000000
[TRACE_W_XBAR] 5335000 W_XBAR_S s=0 last=0 data=0x00000001
[TRACE_W_XBAR] 5335000 W_XBAR_S_STALL s=2 vld=1 rdy=0
UVM_INFO ./uvm/axi_slave_agent.sv(112) @ 5345000: uvm_test_top.env.slv_ag0 [TRACE] S[0] SLV W beat 5 data=0x68ba431f last=0
[TRACE_XBAR_B] 5345000 M side m=0 m_bvalid=0 m_bready=1
[TRACE_W] 5345000 W pre-FIFO HS m=2 last=0 data=0x833aa124 strb=0xf
[TRACE_W] 5345000 W slave HS s=0 last=0 data=0x68ba431f
[TRACE_W] 5345000 W slave STALL s=2 vld=1 rdy=0 last=0
[TRACE_W_FIFO] 5345000 W_FIFO_WR m=2 last=0 data=0x73623c95
[TRACE_W_FIFO] 5345000 W_FIFO_RD m=2 last=0 data=0x833aa124
[TRACE_W_XBAR] 5345000 W_XBAR_M m=2 last=0 data=0x00000000
[TRACE_W_XBAR] 5345000 W_XBAR_S s=0 last=0 data=0x00000001
[TRACE_W_XBAR] 5345000 W_XBAR_S_STALL s=2 vld=1 rdy=0
UVM_INFO ./uvm/axi_slave_agent.sv(112) @ 5355000: uvm_test_top.env.slv_ag0 [TRACE] S[0] SLV W beat 6 data=0xb16feb57 last=0
[TRACE_XBAR_B] 5355000 M side m=0 m_bvalid=0 m_bready=1
[TRACE_W] 5355000 W pre-FIFO HS m=2 last=0 data=0x73623c95 strb=0xf
[TRACE_W] 5355000 W slave HS s=0 last=0 data=0xb16feb57
[TRACE_W] 5355000 W slave STALL s=2 vld=1 rdy=0 last=0
[TRACE_W_FIFO] 5355000 W_FIFO_WR m=2 last=0 data=0x726f1637
[TRACE_W_FIFO] 5355000 W_FIFO_RD m=2 last=0 data=0x73623c95
[TRACE_W_XBAR] 5355000 W_XBAR_M m=2 last=0 data=0x00000000
[TRACE_W_XBAR] 5355000 W_XBAR_S s=0 last=0 data=0x00000000
[TRACE_W_XBAR] 5355000 W_XBAR_S_STALL s=2 vld=1 rdy=0
UVM_INFO ./uvm/axi_slave_agent.sv(112) @ 5365000: uvm_test_top.env.slv_ag0 [TRACE] S[0] SLV W beat 7 data=0x833aa124 last=0
[TRACE_XBAR_B] 5365000 M side m=0 m_bvalid=0 m_bready=1
[TRACE_W] 5365000 W pre-FIFO HS m=2 last=0 data=0x726f1637 strb=0xf
[TRACE_W] 5365000 W slave HS s=0 last=0 data=0x833aa124
[TRACE_W] 5365000 W slave STALL s=2 vld=1 rdy=0 last=0
[TRACE_W_FIFO] 5365000 W_FIFO_WR m=2 last=1 data=0x9299e8a3
[TRACE_W_FIFO] 5365000 W_FIFO_RD m=2 last=0 data=0x726f1637
[TRACE_W_XBAR] 5365000 W_XBAR_M m=2 last=0 data=0x00000000
[TRACE_W_XBAR] 5365000 W_XBAR_S s=0 last=0 data=0x00000001
[TRACE_W_XBAR] 5365000 W_XBAR_S_STALL s=2 vld=1 rdy=0
UVM_INFO ./uvm/axi_slave_agent.sv(112) @ 5375000: uvm_test_top.env.slv_ag0 [TRACE] S[0] SLV W beat 8 data=0x73623c95 last=0
[TRACE_XBAR_B] 5375000 M side m=0 m_bvalid=0 m_bready=1
[TRACE_W] 5375000 W pre-FIFO HS m=2 last=1 data=0x9299e8a3 strb=0xf
[TRACE_W] 5375000 W slave HS s=0 last=0 data=0x73623c95
[TRACE_W] 5375000 W slave STALL s=2 vld=1 rdy=0 last=0
[TRACE_W_FIFO] 5375000 W_FIFO_RD m=2 last=1 data=0x9299e8a3
[TRACE_W_XBAR] 5375000 W_XBAR_M m=2 last=1 data=0x00000000
[TRACE_W_XBAR] 5375000 W_XBAR_S s=0 last=0 data=0x00000001
[TRACE_W_XBAR] 5375000 W_XBAR_S_STALL s=2 vld=1 rdy=0
UVM_INFO ./uvm/axi_slave_agent.sv(112) @ 5385000: uvm_test_top.env.slv_ag0 [TRACE] S[0] SLV W beat 9 data=0x726f1637 last=0
[TRACE_XBAR_B] 5385000 M side m=0 m_bvalid=0 m_bready=1
[TRACE_W] 5385000 W slave HS s=0 last=0 data=0x726f1637
[TRACE_W] 5385000 W slave STALL s=2 vld=1 rdy=0 last=0
[TRACE_W_XBAR] 5385000 W_XBAR_S s=0 last=1 data=0x00000001
[TRACE_W_XBAR] 5385000 W_XBAR_S_STALL s=2 vld=1 rdy=0
UVM_INFO ./uvm/axi_slave_agent.sv(112) @ 5395000: uvm_test_top.env.slv_ag0 [TRACE] S[0] SLV W beat 10 data=0x9299e8a3 last=1
[TRACE_XBAR_B] 5395000 M side m=0 m_bvalid=0 m_bready=1
[TRACE_W] 5395000 W slave HS s=0 last=1 data=0x9299e8a3
[TRACE_W] 5395000 W slave STALL s=2 vld=1 rdy=0 last=0
[TRACE_W_XBAR] 5395000 W_XBAR_S_STALL s=2 vld=1 rdy=0
[TRACE_XBAR_B] 5405000 M side m=0 m_bvalid=0 m_bready=1
[TRACE] 5405000 B slave handshake s=0 id=0x86
[TRACE] 5405000 B  from slave s=0
[TRACE_W] 5405000 W slave STALL s=2 vld=1 rdy=0 last=0
[TRACE_W_XBAR] 5405000 W_XBAR_S_STALL s=2 vld=1 rdy=0
[TRACE_XBAR_B] 5415000 S side s=0 s_bvalid=1 s_bready=1
[TRACE_XBAR_B] 5415000 M side m=0 m_bvalid=0 m_bready=1
[TRACE] 5415000 B pre-FIFO out s=0 id=0x86
[TRACE] 5415000 B  to master m=2
[TRACE_W] 5415000 W slave STALL s=2 vld=1 rdy=0 last=0
[TRACE_W_XBAR] 5415000 W_XBAR_S_STALL s=2 vld=1 rdy=0
[5425000] M[2] DRV B Handshake! BID=6 b_pending_size=1
UVM_INFO ./uvm/axi_driver.sv(190) @ 5425000: uvm_test_top.env.mst_ag2.drv_m2 [TRACE] M[2] DRV B resp=0 id=6
[TRACE_XBAR_B] 5425000 M side m=0 m_bvalid=0 m_bready=1
[TRACE_W] 5425000 W slave STALL s=2 vld=1 rdy=0 last=0
[TRACE_W_XBAR] 5425000 W_XBAR_S_STALL s=2 vld=1 rdy=0
UVM_INFO ./uvm/axi_driver.sv(126) @ 5425000: uvm_test_top.env.mst_ag2.drv_m2 [TRACE] M[2] DRV AW start addr=0x000036bc id=0
[TRACE_XBAR_B] 5435000 M side m=0 m_bvalid=0 m_bready=1
[TRACE_W] 5435000 W slave STALL s=2 vld=1 rdy=0 last=0
[TRACE_W_FIFO] 5435000 W_FIFO_WR m=2 last=0 data=0xb489fc12
[TRACE_W_XBAR] 5435000 W_XBAR_S_STALL s=2 vld=1 rdy=0
[TRACE_XBAR_B] 5445000 M side m=0 m_bvalid=0 m_bready=1
[TRACE] 5445000 AW pre-FIFO m=2 addr=0x000036bc len=8
[TRACE_W] 5445000 W pre-FIFO HS m=2 last=0 data=0xb489fc12 strb=0xf
[TRACE_W] 5445000 W slave STALL s=2 vld=1 rdy=0 last=0
[TRACE_W_FIFO] 5445000 W_FIFO_WR m=2 last=0 data=0x06c0e2fc
[TRACE_W_FIFO] 5445000 W_FIFO_RD m=2 last=0 data=0xb489fc12
[TRACE_W_XBAR] 5445000 W_XBAR_M m=2 last=0 data=0x00000000
[TRACE_W_XBAR] 5445000 W_XBAR_S_STALL s=2 vld=1 rdy=0
UVM_INFO ./uvm/axi_slave_agent.sv(84) @ 5455000: uvm_test_top.env.slv_ag1 [TRACE] S[1] SLV AW handshake id=128 addr=0x000036bc len=8
[TRACE_XBAR_B] 5455000 M side m=0 m_bvalid=0 m_bready=1
[TRACE_W] 5455000 W pre-FIFO HS m=2 last=0 data=0x06c0e2fc strb=0xf
[TRACE] 5455000 AW at slave s=1 addr=0x000036bc len=8
[TRACE_W] 5455000 W slave STALL s=2 vld=1 rdy=0 last=0
[TRACE_W_FIFO] 5455000 W_FIFO_WR m=2 last=0 data=0x049d4680
[TRACE_W_FIFO] 5455000 W_FIFO_RD m=2 last=0 data=0x06c0e2fc
[TRACE_W_XBAR] 5455000 W_XBAR_M m=2 last=0 data=0x00000000
[TRACE_W_XBAR] 5455000 W_XBAR_S s=1 last=0 data=0x00000000
[TRACE_W_XBAR] 5455000 W_XBAR_S_STALL s=2 vld=1 rdy=0
UVM_INFO ./uvm/axi_slave_agent.sv(112) @ 5465000: uvm_test_top.env.slv_ag1 [TRACE] S[1] SLV W beat 0 data=0xb489fc12 last=0
[TRACE_XBAR_B] 5465000 M side m=0 m_bvalid=0 m_bready=1
[TRACE_W] 5465000 W pre-FIFO HS m=2 last=0 data=0x049d4680 strb=0xf
[TRACE_W] 5465000 W slave HS s=1 last=0 data=0xb489fc12
[TRACE_W] 5465000 W slave STALL s=2 vld=1 rdy=0 last=0
[TRACE_W_FIFO] 5465000 W_FIFO_WR m=2 last=0 data=0x3c493b88
[TRACE_W_FIFO] 5465000 W_FIFO_RD m=2 last=0 data=0x049d4680
[TRACE_W_XBAR] 5465000 W_XBAR_M m=2 last=0 data=0x00000000
[TRACE_W_XBAR] 5465000 W_XBAR_S s=1 last=0 data=0x00000000
[TRACE_W_XBAR] 5465000 W_XBAR_S_STALL s=2 vld=1 rdy=0
UVM_INFO ./uvm/axi_slave_agent.sv(112) @ 5475000: uvm_test_top.env.slv_ag1 [TRACE] S[1] SLV W beat 1 data=0x06c0e2fc last=0
[TRACE_XBAR_B] 5475000 M side m=0 m_bvalid=0 m_bready=1
[TRACE_W] 5475000 W pre-FIFO HS m=2 last=0 data=0x3c493b88 strb=0xf
[TRACE_W] 5475000 W slave HS s=1 last=0 data=0x06c0e2fc
[TRACE_W] 5475000 W slave STALL s=2 vld=1 rdy=0 last=0
[TRACE_W_FIFO] 5475000 W_FIFO_WR m=2 last=0 data=0xe7405ccb
[TRACE_W_FIFO] 5475000 W_FIFO_RD m=2 last=0 data=0x3c493b88
[TRACE_W_XBAR] 5475000 W_XBAR_M m=2 last=0 data=0x00000000
[TRACE_W_XBAR] 5475000 W_XBAR_S s=1 last=0 data=0x00000000
[TRACE_W_XBAR] 5475000 W_XBAR_S_STALL s=2 vld=1 rdy=0
UVM_INFO ./uvm/axi_slave_agent.sv(112) @ 5485000: uvm_test_top.env.slv_ag1 [TRACE] S[1] SLV W beat 2 data=0x049d4680 last=0
[TRACE_XBAR_B] 5485000 M side m=0 m_bvalid=0 m_bready=1
[TRACE_W] 5485000 W pre-FIFO HS m=2 last=0 data=0xe7405ccb strb=0xf
[TRACE_W] 5485000 W slave HS s=1 last=0 data=0x049d4680
[TRACE_W] 5485000 W slave STALL s=2 vld=1 rdy=0 last=0
[TRACE_W_FIFO] 5485000 W_FIFO_WR m=2 last=0 data=0x9bc977af
[TRACE_W_FIFO] 5485000 W_FIFO_RD m=2 last=0 data=0xe7405ccb
[TRACE_W_XBAR] 5485000 W_XBAR_M m=2 last=0 data=0x00000000
[TRACE_W_XBAR] 5485000 W_XBAR_S s=1 last=0 data=0x00000000
[TRACE_W_XBAR] 5485000 W_XBAR_S_STALL s=2 vld=1 rdy=0
UVM_INFO ./uvm/axi_slave_agent.sv(112) @ 5495000: uvm_test_top.env.slv_ag1 [TRACE] S[1] SLV W beat 3 data=0x3c493b88 last=0
[TRACE_XBAR_B] 5495000 M side m=0 m_bvalid=0 m_bready=1
[TRACE_W] 5495000 W pre-FIFO HS m=2 last=0 data=0x9bc977af strb=0xf
[TRACE_W] 5495000 W slave HS s=1 last=0 data=0x3c493b88
[TRACE_W] 5495000 W slave STALL s=2 vld=1 rdy=0 last=0
[TRACE_W_FIFO] 5495000 W_FIFO_WR m=2 last=0 data=0x1b2db20d
[TRACE_W_FIFO] 5495000 W_FIFO_RD m=2 last=0 data=0x9bc977af
[TRACE_W_XBAR] 5495000 W_XBAR_M m=2 last=0 data=0x00000000
[TRACE_W_XBAR] 5495000 W_XBAR_S s=1 last=0 data=0x00000000
[TRACE_W_XBAR] 5495000 W_XBAR_S_STALL s=2 vld=1 rdy=0
UVM_INFO ./uvm/axi_slave_agent.sv(112) @ 5505000: uvm_test_top.env.slv_ag1 [TRACE] S[1] SLV W beat 4 data=0xe7405ccb last=0
[TRACE_XBAR_B] 5505000 M side m=0 m_bvalid=0 m_bready=1
[TRACE_W] 5505000 W pre-FIFO HS m=2 last=0 data=0x1b2db20d strb=0xf
[TRACE_W] 5505000 W slave HS s=1 last=0 data=0xe7405ccb
[TRACE_W] 5505000 W slave STALL s=2 vld=1 rdy=0 last=0
[TRACE_W_FIFO] 5505000 W_FIFO_WR m=2 last=0 data=0x6c35989b
[TRACE_W_FIFO] 5505000 W_FIFO_RD m=2 last=0 data=0x1b2db20d
[TRACE_W_XBAR] 5505000 W_XBAR_M m=2 last=0 data=0x00000000
[TRACE_W_XBAR] 5505000 W_XBAR_S s=1 last=0 data=0x00000000
[TRACE_W_XBAR] 5505000 W_XBAR_S_STALL s=2 vld=1 rdy=0
UVM_INFO ./uvm/axi_slave_agent.sv(112) @ 5515000: uvm_test_top.env.slv_ag1 [TRACE] S[1] SLV W beat 5 data=0x9bc977af last=0
[TRACE_XBAR_B] 5515000 M side m=0 m_bvalid=0 m_bready=1
[TRACE_W] 5515000 W pre-FIFO HS m=2 last=0 data=0x6c35989b strb=0xf
[TRACE_W] 5515000 W slave HS s=1 last=0 data=0x9bc977af
[TRACE_W] 5515000 W slave STALL s=2 vld=1 rdy=0 last=0
[TRACE_W_FIFO] 5515000 W_FIFO_WR m=2 last=1 data=0x3d419cf8
[TRACE_W_FIFO] 5515000 W_FIFO_RD m=2 last=0 data=0x6c35989b
[TRACE_W_XBAR] 5515000 W_XBAR_M m=2 last=0 data=0x00000000
[TRACE_W_XBAR] 5515000 W_XBAR_S s=1 last=0 data=0x00000000
[TRACE_W_XBAR] 5515000 W_XBAR_S_STALL s=2 vld=1 rdy=0
UVM_INFO ./uvm/axi_slave_agent.sv(112) @ 5525000: uvm_test_top.env.slv_ag1 [TRACE] S[1] SLV W beat 6 data=0x1b2db20d last=0
[TRACE_XBAR_B] 5525000 M side m=0 m_bvalid=0 m_bready=1
[TRACE_W] 5525000 W pre-FIFO HS m=2 last=1 data=0x3d419cf8 strb=0xf
[TRACE_W] 5525000 W slave HS s=1 last=0 data=0x1b2db20d
[TRACE_W] 5525000 W slave STALL s=2 vld=1 rdy=0 last=0
[TRACE_W_FIFO] 5525000 W_FIFO_RD m=2 last=1 data=0x3d419cf8
[TRACE_W_XBAR] 5525000 W_XBAR_M m=2 last=1 data=0x00000000
[TRACE_W_XBAR] 5525000 W_XBAR_S s=1 last=0 data=0x00000000
[TRACE_W_XBAR] 5525000 W_XBAR_S_STALL s=2 vld=1 rdy=0
UVM_INFO ./uvm/axi_slave_agent.sv(112) @ 5535000: uvm_test_top.env.slv_ag1 [TRACE] S[1] SLV W beat 7 data=0x6c35989b last=0
[TRACE_XBAR_B] 5535000 M side m=0 m_bvalid=0 m_bready=1
[TRACE_W] 5535000 W slave HS s=1 last=0 data=0x6c35989b
[TRACE_W] 5535000 W slave STALL s=2 vld=1 rdy=0 last=0
[TRACE_W_XBAR] 5535000 W_XBAR_S s=1 last=1 data=0x00000000
[TRACE_W_XBAR] 5535000 W_XBAR_S_STALL s=2 vld=1 rdy=0
UVM_INFO ./uvm/axi_slave_agent.sv(112) @ 5545000: uvm_test_top.env.slv_ag1 [TRACE] S[1] SLV W beat 8 data=0x3d419cf8 last=1
[TRACE_XBAR_B] 5545000 M side m=0 m_bvalid=0 m_bready=1
[TRACE_W] 5545000 W slave HS s=1 last=1 data=0x3d419cf8
[TRACE_W] 5545000 W slave STALL s=2 vld=1 rdy=0 last=0
[TRACE_W_XBAR] 5545000 W_XBAR_S_STALL s=2 vld=1 rdy=0
[TRACE_XBAR_B] 5555000 M side m=0 m_bvalid=0 m_bready=1
[TRACE] 5555000 B  from slave s=1
[TRACE_W] 5555000 W slave STALL s=2 vld=1 rdy=0 last=0
[TRACE_W_XBAR] 5555000 W_XBAR_S_STALL s=2 vld=1 rdy=0
[TRACE_XBAR_B] 5565000 M side m=0 m_bvalid=0 m_bready=1
[TRACE] 5565000 B  to master m=2
[TRACE_W] 5565000 W slave STALL s=2 vld=1 rdy=0 last=0
[TRACE_W_XBAR] 5565000 W_XBAR_S_STALL s=2 vld=1 rdy=0
[5575000] M[2] DRV B Handshake! BID=0 b_pending_size=1
UVM_INFO ./uvm/axi_driver.sv(190) @ 5575000: uvm_test_top.env.mst_ag2.drv_m2 [TRACE] M[2] DRV B resp=0 id=0
[TRACE_XBAR_B] 5575000 M side m=0 m_bvalid=0 m_bready=1
[TRACE_W] 5575000 W slave STALL s=2 vld=1 rdy=0 last=0
[TRACE_W_XBAR] 5575000 W_XBAR_S_STALL s=2 vld=1 rdy=0
UVM_INFO ./uvm/axi_driver.sv(220) @ 5575000: uvm_test_top.env.mst_ag2.drv_m2 [TRACE] M[2] DRV AR start addr=0x00004404 len=11 id=4
[TRACE_XBAR_B] 5585000 M side m=0 m_bvalid=0 m_bready=1
[TRACE_W] 5585000 W slave STALL s=2 vld=1 rdy=0 last=0
[TRACE_W_XBAR] 5585000 W_XBAR_S_STALL s=2 vld=1 rdy=0
[TRACE_XBAR_B] 5595000 M side m=0 m_bvalid=0 m_bready=1
[TRACE] 5595000 AR pre-FIFO vld m=2 vld=1 rdy=1
[TRACE] 5595000 AR pre-FIFO out m=2 addr=0x00004404
[TRACE] 5595000 AR pre-FIFO m=2 addr=0x00004404 len=11
[TRACE_W] 5595000 W slave STALL s=2 vld=1 rdy=0 last=0
[TRACE_W_XBAR] 5595000 W_XBAR_S_STALL s=2 vld=1 rdy=0
UVM_INFO ./uvm/axi_slave_agent.sv(171) @ 5605000: uvm_test_top.env.slv_ag2 [TRACE] S[2] SLV AR handshake id=132 addr=0x00004404 len=11
[TRACE_XBAR_B] 5605000 M side m=0 m_bvalid=0 m_bready=1
[TRACE] 5605000 AR at slave s=2 addr=0x00004404
[TRACE] 5605000 AR pre-FIFO vld m=2 vld=0 rdy=0
[TRACE_W] 5605000 W slave STALL s=2 vld=1 rdy=0 last=0
[TRACE] 5605000 AR at slave s=2 addr=0x00004404 len=11
[TRACE_W_XBAR] 5605000 W_XBAR_S_STALL s=2 vld=1 rdy=0
UVM_INFO ./uvm/axi_slave_agent.sv(204) @ 5605000: uvm_test_top.env.slv_ag2 [TRACE] S[2] SLV R MISS at addr=0x00004404
UVM_INFO ./uvm/axi_slave_agent.sv(204) @ 5615000: uvm_test_top.env.slv_ag2 [TRACE] S[2] SLV R MISS at addr=0x00004408
[TRACE_XBAR_B] 5615000 M side m=0 m_bvalid=0 m_bready=1
[TRACE_W] 5615000 W slave STALL s=2 vld=1 rdy=0 last=0
[TRACE] 5615000 R  from slave s=2
[TRACE_W_XBAR] 5615000 W_XBAR_S_STALL s=2 vld=1 rdy=0
UVM_INFO ./uvm/axi_slave_agent.sv(204) @ 5625000: uvm_test_top.env.slv_ag2 [TRACE] S[2] SLV R MISS at addr=0x0000440c
[TRACE_XBAR_B] 5625000 M side m=0 m_bvalid=0 m_bready=1
[TRACE] 5625000 R  to master m=2
[TRACE_W] 5625000 W slave STALL s=2 vld=1 rdy=0 last=0
[TRACE] 5625000 R  from slave s=2
[TRACE_W_XBAR] 5625000 W_XBAR_S_STALL s=2 vld=1 rdy=0
UVM_INFO ./uvm/axi_slave_agent.sv(204) @ 5635000: uvm_test_top.env.slv_ag2 [TRACE] S[2] SLV R MISS at addr=0x00004410
[TRACE_XBAR_B] 5635000 M side m=0 m_bvalid=0 m_bready=1
[TRACE] 5635000 R  to master m=2
[TRACE_W] 5635000 W slave STALL s=2 vld=1 rdy=0 last=0
[TRACE] 5635000 R  from slave s=2
[TRACE_W_XBAR] 5635000 W_XBAR_S_STALL s=2 vld=1 rdy=0
UVM_INFO ./uvm/axi_slave_agent.sv(204) @ 5645000: uvm_test_top.env.slv_ag2 [TRACE] S[2] SLV R MISS at addr=0x00004414
[TRACE_XBAR_B] 5645000 M side m=0 m_bvalid=0 m_bready=1
[TRACE] 5645000 R  to master m=2
[TRACE_W] 5645000 W slave STALL s=2 vld=1 rdy=0 last=0
[TRACE] 5645000 R  from slave s=2
[TRACE_W_XBAR] 5645000 W_XBAR_S_STALL s=2 vld=1 rdy=0
UVM_INFO ./uvm/axi_slave_agent.sv(204) @ 5655000: uvm_test_top.env.slv_ag2 [TRACE] S[2] SLV R MISS at addr=0x00004418
[TRACE_XBAR_B] 5655000 M side m=0 m_bvalid=0 m_bready=1
[TRACE] 5655000 R  to master m=2
[TRACE_W] 5655000 W slave STALL s=2 vld=1 rdy=0 last=0
[TRACE] 5655000 R  from slave s=2
[TRACE_W_XBAR] 5655000 W_XBAR_S_STALL s=2 vld=1 rdy=0
UVM_INFO ./uvm/axi_slave_agent.sv(204) @ 5665000: uvm_test_top.env.slv_ag2 [TRACE] S[2] SLV R MISS at addr=0x0000441c
[TRACE_XBAR_B] 5665000 M side m=0 m_bvalid=0 m_bready=1
[TRACE] 5665000 R  to master m=2
[TRACE_W] 5665000 W slave STALL s=2 vld=1 rdy=0 last=0
[TRACE] 5665000 R  from slave s=2
[TRACE_W_XBAR] 5665000 W_XBAR_S_STALL s=2 vld=1 rdy=0
UVM_INFO ./uvm/axi_slave_agent.sv(204) @ 5675000: uvm_test_top.env.slv_ag2 [TRACE] S[2] SLV R MISS at addr=0x00004420
[TRACE_XBAR_B] 5675000 M side m=0 m_bvalid=0 m_bready=1
[TRACE] 5675000 R  to master m=2
[TRACE_W] 5675000 W slave STALL s=2 vld=1 rdy=0 last=0
[TRACE] 5675000 R  from slave s=2
[TRACE_W_XBAR] 5675000 W_XBAR_S_STALL s=2 vld=1 rdy=0
UVM_INFO ./uvm/axi_slave_agent.sv(204) @ 5685000: uvm_test_top.env.slv_ag2 [TRACE] S[2] SLV R MISS at addr=0x00004424
[TRACE_XBAR_B] 5685000 M side m=0 m_bvalid=0 m_bready=1
[TRACE] 5685000 R  to master m=2
[TRACE_W] 5685000 W slave STALL s=2 vld=1 rdy=0 last=0
[TRACE] 5685000 R  from slave s=2
[TRACE_W_XBAR] 5685000 W_XBAR_S_STALL s=2 vld=1 rdy=0
UVM_INFO ./uvm/axi_slave_agent.sv(204) @ 5695000: uvm_test_top.env.slv_ag2 [TRACE] S[2] SLV R MISS at addr=0x00004428
[TRACE_XBAR_B] 5695000 M side m=0 m_bvalid=0 m_bready=1
[TRACE] 5695000 R  to master m=2
[TRACE_W] 5695000 W slave STALL s=2 vld=1 rdy=0 last=0
[TRACE] 5695000 R  from slave s=2
[TRACE_W_XBAR] 5695000 W_XBAR_S_STALL s=2 vld=1 rdy=0
UVM_INFO ./uvm/axi_slave_agent.sv(204) @ 5705000: uvm_test_top.env.slv_ag2 [TRACE] S[2] SLV R MISS at addr=0x0000442c
[TRACE_XBAR_B] 5705000 M side m=0 m_bvalid=0 m_bready=1
[TRACE] 5705000 R  to master m=2
[TRACE_W] 5705000 W slave STALL s=2 vld=1 rdy=0 last=0
[TRACE] 5705000 R  from slave s=2
[TRACE_W_XBAR] 5705000 W_XBAR_S_STALL s=2 vld=1 rdy=0
UVM_INFO ./uvm/axi_slave_agent.sv(204) @ 5715000: uvm_test_top.env.slv_ag2 [TRACE] S[2] SLV R MISS at addr=0x00004430
[TRACE_XBAR_B] 5715000 M side m=0 m_bvalid=0 m_bready=1
[TRACE] 5715000 R  to master m=2
[TRACE_W] 5715000 W slave STALL s=2 vld=1 rdy=0 last=0
[TRACE] 5715000 R  from slave s=2
[TRACE_W_XBAR] 5715000 W_XBAR_S_STALL s=2 vld=1 rdy=0
[TRACE_XBAR_B] 5725000 M side m=0 m_bvalid=0 m_bready=1
[TRACE] 5725000 R  to master m=2
[TRACE_W] 5725000 W slave STALL s=2 vld=1 rdy=0 last=0
[TRACE] 5725000 R  from slave s=2
[TRACE_W_XBAR] 5725000 W_XBAR_S_STALL s=2 vld=1 rdy=0
[TRACE_XBAR_B] 5735000 M side m=0 m_bvalid=0 m_bready=1
[TRACE] 5735000 R  to master m=2
[TRACE_W] 5735000 W slave STALL s=2 vld=1 rdy=0 last=0
[TRACE_W_XBAR] 5735000 W_XBAR_S_STALL s=2 vld=1 rdy=0
[TRACE_XBAR_B] 5745000 M side m=0 m_bvalid=0 m_bready=1
[TRACE_W] 5745000 W slave STALL s=2 vld=1 rdy=0 last=0
[TRACE_W_XBAR] 5745000 W_XBAR_S_STALL s=2 vld=1 rdy=0
UVM_INFO ./uvm/axi_driver.sv(220) @ 5745000: uvm_test_top.env.mst_ag2.drv_m2 [TRACE] M[2] DRV AR start addr=0x00006044 len=12 id=3
[TRACE_XBAR_B] 5755000 M side m=0 m_bvalid=0 m_bready=1
[TRACE_W] 5755000 W slave STALL s=2 vld=1 rdy=0 last=0
[TRACE_W_XBAR] 5755000 W_XBAR_S_STALL s=2 vld=1 rdy=0
[TRACE_XBAR_B] 5765000 M side m=0 m_bvalid=0 m_bready=1
[TRACE] 5765000 AR pre-FIFO vld m=2 vld=1 rdy=1
[TRACE] 5765000 AR pre-FIFO out m=2 addr=0x00006044
[TRACE] 5765000 AR pre-FIFO m=2 addr=0x00006044 len=12
[TRACE_W] 5765000 W slave STALL s=2 vld=1 rdy=0 last=0
[TRACE_W_XBAR] 5765000 W_XBAR_S_STALL s=2 vld=1 rdy=0
UVM_INFO ./uvm/axi_slave_agent.sv(171) @ 5775000: uvm_test_top.env.slv_ag3 [TRACE] S[3] SLV AR handshake id=131 addr=0x00006044 len=12
[TRACE_XBAR_B] 5775000 M side m=0 m_bvalid=0 m_bready=1
[TRACE] 5775000 AR at slave s=3 addr=0x00006044
[TRACE] 5775000 AR pre-FIFO vld m=2 vld=0 rdy=0
[TRACE_W] 5775000 W slave STALL s=2 vld=1 rdy=0 last=0
[TRACE] 5775000 AR at slave s=3 addr=0x00006044 len=12
[TRACE_W_XBAR] 5775000 W_XBAR_S_STALL s=2 vld=1 rdy=0
UVM_INFO ./uvm/axi_slave_agent.sv(204) @ 5775000: uvm_test_top.env.slv_ag3 [TRACE] S[3] SLV R MISS at addr=0x00006044
UVM_INFO ./uvm/axi_slave_agent.sv(204) @ 5785000: uvm_test_top.env.slv_ag3 [TRACE] S[3] SLV R MISS at addr=0x00006048
[TRACE_XBAR_B] 5785000 M side m=0 m_bvalid=0 m_bready=1
[TRACE_W] 5785000 W slave STALL s=2 vld=1 rdy=0 last=0
[TRACE] 5785000 R  from slave s=3
[TRACE_W_XBAR] 5785000 W_XBAR_S_STALL s=2 vld=1 rdy=0
UVM_INFO ./uvm/axi_slave_agent.sv(204) @ 5795000: uvm_test_top.env.slv_ag3 [TRACE] S[3] SLV R MISS at addr=0x0000604c
[TRACE_XBAR_B] 5795000 M side m=0 m_bvalid=0 m_bready=1
[TRACE] 5795000 R  to master m=2
[TRACE_W] 5795000 W slave STALL s=2 vld=1 rdy=0 last=0
[TRACE] 5795000 R  from slave s=3
[TRACE_W_XBAR] 5795000 W_XBAR_S_STALL s=2 vld=1 rdy=0
UVM_INFO ./uvm/axi_slave_agent.sv(204) @ 5805000: uvm_test_top.env.slv_ag3 [TRACE] S[3] SLV R MISS at addr=0x00006050
[TRACE_XBAR_B] 5805000 M side m=0 m_bvalid=0 m_bready=1
[TRACE] 5805000 R  to master m=2
[TRACE_W] 5805000 W slave STALL s=2 vld=1 rdy=0 last=0
[TRACE] 5805000 R  from slave s=3
[TRACE_W_XBAR] 5805000 W_XBAR_S_STALL s=2 vld=1 rdy=0
UVM_INFO ./uvm/axi_slave_agent.sv(204) @ 5815000: uvm_test_top.env.slv_ag3 [TRACE] S[3] SLV R MISS at addr=0x00006054
[TRACE_XBAR_B] 5815000 M side m=0 m_bvalid=0 m_bready=1
[TRACE] 5815000 R  to master m=2
[TRACE_W] 5815000 W slave STALL s=2 vld=1 rdy=0 last=0
[TRACE] 5815000 R  from slave s=3
[TRACE_W_XBAR] 5815000 W_XBAR_S_STALL s=2 vld=1 rdy=0
UVM_INFO ./uvm/axi_slave_agent.sv(204) @ 5825000: uvm_test_top.env.slv_ag3 [TRACE] S[3] SLV R MISS at addr=0x00006058
[TRACE_XBAR_B] 5825000 M side m=0 m_bvalid=0 m_bready=1
[TRACE] 5825000 R  to master m=2
[TRACE_W] 5825000 W slave STALL s=2 vld=1 rdy=0 last=0
[TRACE] 5825000 R  from slave s=3
[TRACE_W_XBAR] 5825000 W_XBAR_S_STALL s=2 vld=1 rdy=0
UVM_INFO ./uvm/axi_slave_agent.sv(204) @ 5835000: uvm_test_top.env.slv_ag3 [TRACE] S[3] SLV R MISS at addr=0x0000605c
[TRACE_XBAR_B] 5835000 M side m=0 m_bvalid=0 m_bready=1
[TRACE] 5835000 R  to master m=2
[TRACE_W] 5835000 W slave STALL s=2 vld=1 rdy=0 last=0
[TRACE] 5835000 R  from slave s=3
[TRACE_W_XBAR] 5835000 W_XBAR_S_STALL s=2 vld=1 rdy=0
UVM_INFO ./uvm/axi_slave_agent.sv(204) @ 5845000: uvm_test_top.env.slv_ag3 [TRACE] S[3] SLV R MISS at addr=0x00006060
[TRACE_XBAR_B] 5845000 M side m=0 m_bvalid=0 m_bready=1
[TRACE] 5845000 R  to master m=2
[TRACE_W] 5845000 W slave STALL s=2 vld=1 rdy=0 last=0
[TRACE] 5845000 R  from slave s=3
[TRACE_W_XBAR] 5845000 W_XBAR_S_STALL s=2 vld=1 rdy=0
UVM_INFO ./uvm/axi_slave_agent.sv(204) @ 5855000: uvm_test_top.env.slv_ag3 [TRACE] S[3] SLV R MISS at addr=0x00006064
[TRACE_XBAR_B] 5855000 M side m=0 m_bvalid=0 m_bready=1
[TRACE] 5855000 R  to master m=2
[TRACE_W] 5855000 W slave STALL s=2 vld=1 rdy=0 last=0
[TRACE] 5855000 R  from slave s=3
[TRACE_W_XBAR] 5855000 W_XBAR_S_STALL s=2 vld=1 rdy=0
UVM_INFO ./uvm/axi_slave_agent.sv(204) @ 5865000: uvm_test_top.env.slv_ag3 [TRACE] S[3] SLV R MISS at addr=0x00006068
[TRACE_XBAR_B] 5865000 M side m=0 m_bvalid=0 m_bready=1
[TRACE] 5865000 R  to master m=2
[TRACE_W] 5865000 W slave STALL s=2 vld=1 rdy=0 last=0
[TRACE] 5865000 R  from slave s=3
[TRACE_W_XBAR] 5865000 W_XBAR_S_STALL s=2 vld=1 rdy=0
UVM_INFO ./uvm/axi_slave_agent.sv(204) @ 5875000: uvm_test_top.env.slv_ag3 [TRACE] S[3] SLV R MISS at addr=0x0000606c
[TRACE_XBAR_B] 5875000 M side m=0 m_bvalid=0 m_bready=1
[TRACE] 5875000 R  to master m=2
[TRACE_W] 5875000 W slave STALL s=2 vld=1 rdy=0 last=0
[TRACE] 5875000 R  from slave s=3
[TRACE_W_XBAR] 5875000 W_XBAR_S_STALL s=2 vld=1 rdy=0
UVM_INFO ./uvm/axi_slave_agent.sv(204) @ 5885000: uvm_test_top.env.slv_ag3 [TRACE] S[3] SLV R MISS at addr=0x00006070
[TRACE_XBAR_B] 5885000 M side m=0 m_bvalid=0 m_bready=1
[TRACE] 5885000 R  to master m=2
[TRACE_W] 5885000 W slave STALL s=2 vld=1 rdy=0 last=0
[TRACE] 5885000 R  from slave s=3
[TRACE_W_XBAR] 5885000 W_XBAR_S_STALL s=2 vld=1 rdy=0
UVM_INFO ./uvm/axi_slave_agent.sv(204) @ 5895000: uvm_test_top.env.slv_ag3 [TRACE] S[3] SLV R MISS at addr=0x00006074
[TRACE_XBAR_B] 5895000 M side m=0 m_bvalid=0 m_bready=1
[TRACE] 5895000 R  to master m=2
[TRACE_W] 5895000 W slave STALL s=2 vld=1 rdy=0 last=0
[TRACE] 5895000 R  from slave s=3
[TRACE_W_XBAR] 5895000 W_XBAR_S_STALL s=2 vld=1 rdy=0
[TRACE_XBAR_B] 5905000 M side m=0 m_bvalid=0 m_bready=1
[TRACE] 5905000 R  to master m=2
[TRACE_W] 5905000 W slave STALL s=2 vld=1 rdy=0 last=0
[TRACE] 5905000 R  from slave s=3
[TRACE_W_XBAR] 5905000 W_XBAR_S_STALL s=2 vld=1 rdy=0
[TRACE_XBAR_B] 5915000 M side m=0 m_bvalid=0 m_bready=1
[TRACE] 5915000 R  to master m=2
[TRACE_W] 5915000 W slave STALL s=2 vld=1 rdy=0 last=0
[TRACE_W_XBAR] 5915000 W_XBAR_S_STALL s=2 vld=1 rdy=0
[TRACE_XBAR_B] 5925000 M side m=0 m_bvalid=0 m_bready=1
[TRACE_W] 5925000 W slave STALL s=2 vld=1 rdy=0 last=0
[TRACE_W_XBAR] 5925000 W_XBAR_S_STALL s=2 vld=1 rdy=0
UVM_INFO ./uvm/axi_driver.sv(126) @ 5925000: uvm_test_top.env.mst_ag2.drv_m2 [TRACE] M[2] DRV AW start addr=0x00007dc0 id=3
[TRACE_XBAR_B] 5935000 M side m=0 m_bvalid=0 m_bready=1
[TRACE_W] 5935000 W slave STALL s=2 vld=1 rdy=0 last=0
[TRACE_W_FIFO] 5935000 W_FIFO_WR m=2 last=1 data=0x3c4997cf
[TRACE_W_XBAR] 5935000 W_XBAR_S_STALL s=2 vld=1 rdy=0
Interrupt at time 5935000

q
            V C S   S i m u l a t i o n   R e p o r t 
Time: 5935000 ps
CPU Time:     21.650 seconds;       Data structure size:   1.3Mb
Thu Jun 18 14:43:44 2026
